[
  {
    "_id": "5d1c8dc06ddd6151ed16149c",
    "userId": "567954c0-701f-11e9-aa87-37732e5007de",
    "hash": "$2b$04$guI7wPSJB9GI8Mi//lGBPuJ/M0YGTNMYzR9kbsD6hGMFQD9tmY1h2"
  },
  {
    "_id": "5d1c8dc06ddd6151ed16149d",
    "userId": "b02fd560-7020-11e9-aa87-37732e5007de",
    "hash": "$2b$04$iGjf6O//ZI7hEDzr5fuA3OxMuSUQ28sWCj5uNoT7PJ57bg2UfAtWO"
  },
  {
    "_id": "5d1c8dc06ddd6151ed16149e",
    "userId": "30008450-7022-11e9-aa87-37732e5007de",
    "hash": "$2b$04$IW/OMFoVQlss/asUkiSmJ.w22MxaDa4.Qw..KORL.euOWSWhB3eR2"
  },
  {
    "_id": "5d1c8dc06ddd6151ed16149f",
    "userId": "7861a6f0-7024-11e9-85e6-9f1338560125",
    "hash": "$2b$04$cfBFr6H4IMx19GU21wQ3aeP83OqxfRKcyEiS/m2/A2998PVFBkIjq"
  },
  {
    "_id": "5d1c8dc06ddd6151ed1614a0",
    "userId": "29d178a0-7027-11e9-ad81-f73c1f26c362",
    "hash": "$2b$04$yrVsnMLT37w4nflnQ5njIOaPpd6L4cZyNzew4pd140rhw5GPGVW2q"
  },
  {
    "_id": "5d1c8dc06ddd6151ed1614a1",
    "userId": "2cc25700-7027-11e9-ad81-f73c1f26c362",
    "hash": "$2b$04$yg90puWE/PwkjfuDJcTR7OJyQ0T3oEMaNFaNstMORCfDY7ieVpnbu"
  },
  {
    "_id": "5d1c8dc06ddd6151ed1614a2",
    "userId": "369b65a0-7027-11e9-ad81-f73c1f26c362",
    "hash": "$2b$04$VNmUPguT8NTQjgPEd3MMa.gKzpn4spRBbehJjpQ9nlwZc2KI42iiW"
  },
  {
    "_id": "5d1c8dc06ddd6151ed1614a3",
    "userId": "493caf20-7027-11e9-ad81-f73c1f26c362",
    "hash": "$2b$04$qV5lzIc2KJFf3V0Z.PqlbOENufOZHDbJcBLyB7nJzp3iypI2SZmEa"
  },
  {
    "_id": "5d1c8dc06ddd6151ed1614a4",
    "userId": "5ae14920-7027-11e9-ad81-f73c1f26c362",
    "hash": "$2b$04$xxYlDagQZJgKeI9o6GW//OATD4RLAwwAE7lkRY4ANstXLILR233Pu"
  },
  {
    "_id": "5d1c8dc06ddd6151ed1614a5",
    "userId": "e96d7150-7027-11e9-ad81-f73c1f26c362",
    "hash": "$2b$04$69Tfz6yiusxYhgdIcFrSk.8Kvk29cNxZtt7iiYbOmdUCKuKw6dKJO"
  },
  {
    "_id": "5d1c8dc06ddd6151ed1614a6",
    "userId": "4c8d3d40-7075-11e9-ad81-f73c1f26c362",
    "hash": "$2b$04$oBXENYcboCt5Mz4cR7gZI.rY9ETTpVlVO4iMbpBWRQTE1VZq0I3K2"
  },
  {
    "_id": "5d1c8dc06ddd6151ed1614a7",
    "userId": "e4377bf0-708a-11e9-8d1e-9bdf1f8ffe38",
    "hash": "$2a$04$D5PeOnVu4VwQGGXTXfvxzuf0JW1pYasrjN9tH0CQ5Da4txXThjV1q"
  },
  {
    "_id": "5d1c8dc06ddd6151ed1614a8",
    "userId": "af1f3b30-708d-11e9-8d1e-9bdf1f8ffe38",
    "hash": "$2b$04$KmRjjeUld.2BtxgomkBjbefBxfnZixjIfEk5OBQrCsD75sciQcT8C"
  },
  {
    "_id": "5d1c8dc06ddd6151ed1614a9",
    "userId": "946f2650-708e-11e9-8d1e-9bdf1f8ffe38",
    "hash": "$2b$04$wC/Wswm2earx79eRoOeajOmEW.0fChvSyiWuKkJVQ1j57pSWDMY7O"
  },
  {
    "_id": "5d1c8dc06ddd6151ed1614aa",
    "userId": "a70656f0-751e-11e9-8d1e-9bdf1f8ffe38",
    "hash": "$2b$04$J6T3P8n1FuuOc8Ffce4nFOZwxl0JGxdoli7BqmAnirNTBs67j.XJa"
  },
  {
    "_id": "5d1c8dc06ddd6151ed1614ab",
    "userId": "0cd54de0-752b-11e9-8d1e-9bdf1f8ffe38",
    "hash": "$2b$04$VBgKbdPuUskCR9vJ1sb58eWsTovc/2HSuCQDBukmdILO7.PLnOIj2"
  },
  {
    "_id": "5d1c8dc06ddd6151ed1614ac",
    "userId": "af121a70-7530-11e9-a849-49de48c02458",
    "hash": "$2b$04$WpbmrSi4D3IWwBHceDUEGulYphaDpw61IzvA2kvzYDaX3mJAEwpUy"
  },
  {
    "_id": "5d1c8dc06ddd6151ed1614ad",
    "userId": "f2244a70-7532-11e9-a849-49de48c02458",
    "hash": "$2b$04$7if3iWAT7qlmd/gjAgNVfeknfd51dQxzMPtl4AW0CP3nNSYQwQ0wC"
  },
  {
    "_id": "5d1c8dc06ddd6151ed1614ae",
    "userId": "bd1a6f50-753a-11e9-a849-49de48c02458",
    "hash": "$2b$04$zxkH/Z7iBVjxVYXG8/8.NOLoQ511vT9tM4CXI9YMU6/xyEUZaFMia"
  },
  {
    "_id": "5d1c8dc06ddd6151ed1614af",
    "userId": "83c66b90-753b-11e9-a849-49de48c02458",
    "hash": "$2b$04$oqQXYqPj4mDKf1zYbeRX2eetknjbWhJ6HmgMVsChImUFiCjg0CGx2"
  },
  {
    "_id": "5d1c8dc06ddd6151ed1614b0",
    "userId": "bc9d8c40-753c-11e9-8fe9-cb8ce942874c",
    "hash": "$2b$04$nssNzu/Ad8IMtlHlt0xSW.boh8xq7UHdcxAg2wWEkKo8gug2lG.Qe"
  },
  {
    "_id": "5d1eb3ad396b0b5c7b6d25ea",
    "userId": "4f371370-9ecb-11e9-a12d-e3971d38aae3",
    "hash": "$2a$04$D5PeOnVu4VwQGGXTXfvxzuf0JW1pYasrjN9tH0CQ5Da4txXThjV1q"
  }
]