[
  {
    "mainHeader": [],
    "viceHeader": [],
    "createBy": null,
    "updateBy": null,
    "delFlag": 0,
    "isParent": true,
    "parentId": "0",
    "parentTitle": "一级系统",
    "sortOrder": 0,
    "status": 0,
    "title": "学信网",
    "_id": "5d1d4ea66ddd6151ed161c99",
    "id": "3ae18220-6fd7-11e9-b5f5-d15fdff1a166",
    "createdAt": "2019-05-06T08:16:20.803Z",
    "updatedAt": "2019-11-12T08:10:57.346Z"
  },
  {
    "mainHeader": [],
    "viceHeader": [],
    "createBy": null,
    "updateBy": null,
    "delFlag": 0,
    "isParent": true,
    "parentId": "0",
    "parentTitle": "一级系统",
    "sortOrder": 0,
    "status": 0,
    "title": "学籍学历",
    "_id": "5d1d4ea66ddd6151ed161c9a",
    "id": "3f70f550-6fd7-11e9-b5f5-d15fdff1a166",
    "createdAt": "2019-05-06T08:16:28.453Z",
    "updatedAt": "2019-05-06T08:20:27.915Z"
  },
  {
    "mainHeader": [],
    "viceHeader": [],
    "createBy": null,
    "updateBy": null,
    "delFlag": 0,
    "isParent": true,
    "parentId": "0",
    "parentTitle": "一级系统",
    "sortOrder": 0,
    "status": 0,
    "title": "高考",
    "_id": "5d1d4ea66ddd6151ed161c9b",
    "id": "42b96990-6fd7-11e9-b5f5-d15fdff1a166",
    "createdAt": "2019-05-06T08:16:33.961Z",
    "updatedAt": "2019-05-06T08:21:27.992Z"
  },
  {
    "mainHeader": [],
    "viceHeader": [],
    "createBy": null,
    "updateBy": null,
    "delFlag": 0,
    "isParent": true,
    "parentId": "0",
    "parentTitle": "一级系统",
    "sortOrder": 0,
    "status": 0,
    "title": "研招",
    "_id": "5d1d4ea66ddd6151ed161c9c",
    "id": "4759f3c0-6fd7-11e9-b5f5-d15fdff1a166",
    "createdAt": "2019-05-06T08:16:41.724Z",
    "updatedAt": "2019-05-06T08:22:25.688Z"
  },
  {
    "mainHeader": [],
    "viceHeader": [],
    "createBy": null,
    "updateBy": null,
    "delFlag": 0,
    "isParent": true,
    "parentId": "0",
    "parentTitle": "一级系统",
    "sortOrder": 0,
    "status": 0,
    "title": "征兵",
    "_id": "5d1d4ea66ddd6151ed161c9d",
    "id": "4c75c870-6fd7-11e9-b5f5-d15fdff1a166",
    "createdAt": "2019-05-06T08:16:50.295Z",
    "updatedAt": "2019-05-06T08:22:34.538Z"
  },
  {
    "mainHeader": [],
    "viceHeader": [],
    "createBy": null,
    "updateBy": null,
    "delFlag": 0,
    "isParent": true,
    "parentId": "0",
    "parentTitle": "一级系统",
    "sortOrder": 0,
    "status": 0,
    "title": "对外服务",
    "_id": "5d1d4ea66ddd6151ed161c9e",
    "id": "617b8ed0-6fd7-11e9-b5f5-d15fdff1a166",
    "createdAt": "2019-05-06T08:17:25.566Z",
    "updatedAt": "2019-05-13T02:24:57.514Z"
  },
  {
    "mainHeader": [],
    "viceHeader": [],
    "createBy": null,
    "updateBy": null,
    "delFlag": 0,
    "isParent": true,
    "parentId": "0",
    "parentTitle": "一级系统",
    "sortOrder": 0,
    "status": 0,
    "title": "通用系统",
    "_id": "5d1d4ea66ddd6151ed161c9f",
    "id": "656f5e40-6fd7-11e9-b5f5-d15fdff1a166",
    "createdAt": "2019-05-06T08:17:32.197Z",
    "updatedAt": "2019-08-14T07:31:16.357Z"
  },
  {
    "mainHeader": [],
    "viceHeader": [],
    "createBy": null,
    "updateBy": null,
    "delFlag": 0,
    "isParent": true,
    "parentId": "0",
    "parentTitle": "一级系统",
    "sortOrder": 0,
    "status": 0,
    "title": "学职",
    "_id": "5d1d4ea66ddd6151ed161ca0",
    "id": "691ef8c0-6fd7-11e9-b5f5-d15fdff1a166",
    "createdAt": "2019-05-06T08:17:38.381Z",
    "updatedAt": "2019-05-06T08:24:50.932Z"
  },
  {
    "mainHeader": [],
    "viceHeader": [],
    "createBy": null,
    "updateBy": null,
    "delFlag": 0,
    "isParent": true,
    "parentId": "0",
    "parentTitle": "一级系统",
    "sortOrder": 0,
    "status": 0,
    "title": "港澳台",
    "_id": "5d1d4ea66ddd6151ed161ca1",
    "id": "6d0b4e20-6fd7-11e9-b5f5-d15fdff1a166",
    "createdAt": "2019-05-06T08:17:44.963Z",
    "updatedAt": "2019-05-14T09:29:13.535Z"
  },
  {
    "mainHeader": [],
    "viceHeader": [],
    "createBy": null,
    "updateBy": null,
    "delFlag": 0,
    "isParent": true,
    "parentId": "0",
    "parentTitle": "一级系统",
    "sortOrder": 0,
    "status": 0,
    "title": "中心相关",
    "_id": "5d1d4ea66ddd6151ed161ca2",
    "id": "710ba0b0-6fd7-11e9-b5f5-d15fdff1a166",
    "createdAt": "2019-05-06T08:17:51.676Z",
    "updatedAt": "2019-06-20T09:24:00.208Z"
  },
  {
    "mainHeader": [],
    "viceHeader": [],
    "createBy": null,
    "updateBy": null,
    "delFlag": 0,
    "isParent": true,
    "parentId": "0",
    "parentTitle": "一级系统",
    "sortOrder": 0,
    "status": 0,
    "title": "发布系统",
    "_id": "5d1d4ea66ddd6151ed161ca3",
    "id": "77735650-6fd7-11e9-b5f5-d15fdff1a166",
    "createdAt": "2019-05-06T08:18:02.421Z",
    "updatedAt": "2019-05-06T08:28:12.190Z"
  },
  {
    "mainHeader": [],
    "viceHeader": [],
    "createBy": null,
    "updateBy": null,
    "delFlag": 0,
    "isParent": true,
    "parentId": "0",
    "parentTitle": "一级系统",
    "sortOrder": 0,
    "status": 0,
    "title": "内部办公",
    "_id": "5d1d4ea66ddd6151ed161ca4",
    "id": "7b460930-6fd7-11e9-b5f5-d15fdff1a166",
    "createdAt": "2019-05-06T08:18:08.836Z",
    "updatedAt": "2019-07-17T03:31:44.603Z"
  },
  {
    "mainHeader": [],
    "viceHeader": [],
    "createBy": null,
    "updateBy": null,
    "delFlag": 0,
    "isParent": true,
    "parentId": "0",
    "parentTitle": "一级系统",
    "sortOrder": 0,
    "status": 0,
    "title": "客服",
    "_id": "5d1d4ea66ddd6151ed161ca5",
    "id": "7ea560d0-6fd7-11e9-b5f5-d15fdff1a166",
    "createdAt": "2019-05-06T08:18:14.493Z",
    "updatedAt": "2019-05-06T08:28:51.850Z"
  },
  {
    "mainHeader": [],
    "viceHeader": [],
    "createBy": null,
    "updateBy": null,
    "delFlag": 0,
    "isParent": true,
    "parentId": "0",
    "parentTitle": "一级系统",
    "sortOrder": 0,
    "status": 0,
    "title": "基金会",
    "_id": "5d1d4ea66ddd6151ed161ca6",
    "id": "83296250-6fd7-11e9-b5f5-d15fdff1a166",
    "createdAt": "2019-05-06T08:18:22.069Z",
    "updatedAt": "2019-05-06T08:29:04.618Z"
  },
  {
    "mainHeader": [],
    "viceHeader": [],
    "createBy": null,
    "updateBy": null,
    "delFlag": 0,
    "isParent": true,
    "parentId": "0",
    "parentTitle": "一级系统",
    "sortOrder": 0,
    "status": 0,
    "title": "其它",
    "_id": "5d1d4ea66ddd6151ed161ca7",
    "id": "87245db0-6fd7-11e9-b5f5-d15fdff1a166",
    "createdAt": "2019-05-06T08:18:28.748Z",
    "updatedAt": "2019-05-10T09:35:56.202Z"
  },
  {
    "mainHeader": [],
    "viceHeader": [],
    "createBy": null,
    "updateBy": null,
    "delFlag": 0,
    "isParent": true,
    "parentId": "0",
    "parentTitle": "一级系统",
    "sortOrder": 0,
    "status": 0,
    "title": "监控平台",
    "_id": "5d1d4ea66ddd6151ed161ca8",
    "id": "8baaa920-6fd7-11e9-b5f5-d15fdff1a166",
    "createdAt": "2019-05-06T08:18:36.339Z",
    "updatedAt": "2019-05-06T08:29:46.904Z"
  },
  {
    "mainHeader": [],
    "viceHeader": [],
    "createBy": null,
    "updateBy": null,
    "delFlag": 0,
    "isParent": true,
    "parentId": "0",
    "parentTitle": "一级系统",
    "sortOrder": 0,
    "status": 0,
    "title": "已废弃",
    "_id": "5d1d4ea66ddd6151ed161ca9",
    "id": "91ce02c0-6fd7-11e9-b5f5-d15fdff1a166",
    "createdAt": "2019-05-06T08:18:46.637Z",
    "updatedAt": "2019-05-06T08:30:00.400Z"
  },
  {
    "mainHeader": [],
    "viceHeader": [],
    "createBy": null,
    "updateBy": null,
    "delFlag": 0,
    "isParent": false,
    "parentId": "3ae18220-6fd7-11e9-b5f5-d15fdff1a166",
    "parentTitle": "学信网",
    "sortOrder": 0,
    "status": 0,
    "title": "学信网（中文版）",
    "_id": "5d1d4ea66ddd6151ed161caa",
    "id": "9c1ed970-6fd7-11e9-b5f5-d15fdff1a166",
    "createdAt": "2019-05-06T08:19:03.946Z",
    "updatedAt": "2019-05-06T08:19:03.946Z"
  },
  {
    "mainHeader": [],
    "viceHeader": [],
    "createBy": null,
    "updateBy": null,
    "delFlag": 0,
    "isParent": false,
    "parentId": "3ae18220-6fd7-11e9-b5f5-d15fdff1a166",
    "parentTitle": "学信网",
    "sortOrder": 0,
    "status": 0,
    "title": "学信网（中文版）-学历与成绩认证",
    "_id": "5d1d4ea66ddd6151ed161cab",
    "id": "a86628f0-6fd7-11e9-b5f5-d15fdff1a166",
    "createdAt": "2019-05-06T08:19:24.545Z",
    "updatedAt": "2019-05-06T08:19:24.545Z"
  },
  {
    "mainHeader": [],
    "viceHeader": [],
    "createBy": null,
    "updateBy": null,
    "delFlag": 0,
    "isParent": false,
    "parentId": "3ae18220-6fd7-11e9-b5f5-d15fdff1a166",
    "parentTitle": "学信网",
    "sortOrder": 0,
    "status": 0,
    "title": "四六级成绩查询",
    "_id": "5d1d4ea66ddd6151ed161cac",
    "id": "b083cbf0-6fd7-11e9-b5f5-d15fdff1a166",
    "createdAt": "2019-05-06T08:19:38.161Z",
    "updatedAt": "2019-05-06T08:19:38.161Z"
  },
  {
    "mainHeader": [],
    "viceHeader": [],
    "createBy": null,
    "updateBy": null,
    "delFlag": 0,
    "isParent": false,
    "parentId": "3ae18220-6fd7-11e9-b5f5-d15fdff1a166",
    "parentTitle": "学信网",
    "sortOrder": 0,
    "status": 0,
    "title": "学信网（英文版）",
    "_id": "5d1d4ea66ddd6151ed161cad",
    "id": "b4270a60-6fd7-11e9-b5f5-d15fdff1a166",
    "createdAt": "2019-05-06T08:19:44.264Z",
    "updatedAt": "2019-05-06T08:19:44.264Z"
  },
  {
    "mainHeader": [],
    "viceHeader": [],
    "createBy": null,
    "updateBy": null,
    "delFlag": 0,
    "isParent": false,
    "parentId": "3ae18220-6fd7-11e9-b5f5-d15fdff1a166",
    "parentTitle": "学信网",
    "sortOrder": 0,
    "status": 0,
    "title": "学信网APP",
    "_id": "5d1d4ea66ddd6151ed161cae",
    "id": "b7aab2e0-6fd7-11e9-b5f5-d15fdff1a166",
    "createdAt": "2019-05-06T08:19:50.160Z",
    "updatedAt": "2019-05-06T08:19:50.160Z"
  },
  {
    "mainHeader": [],
    "viceHeader": [],
    "createBy": null,
    "updateBy": null,
    "delFlag": 0,
    "isParent": false,
    "parentId": "3ae18220-6fd7-11e9-b5f5-d15fdff1a166",
    "parentTitle": "学信网",
    "sortOrder": 0,
    "status": 0,
    "title": "学信档案",
    "_id": "5d1d4ea66ddd6151ed161caf",
    "id": "baec4950-6fd7-11e9-b5f5-d15fdff1a166",
    "createdAt": "2019-05-06T08:19:55.623Z",
    "updatedAt": "2019-05-06T08:19:55.623Z"
  },
  {
    "mainHeader": [],
    "viceHeader": [],
    "createBy": null,
    "updateBy": null,
    "delFlag": 0,
    "isParent": false,
    "parentId": "3f70f550-6fd7-11e9-b5f5-d15fdff1a166",
    "parentTitle": "学籍学历",
    "sortOrder": 0,
    "status": 0,
    "title": "学籍学历管理平台",
    "_id": "5d1d4ea66ddd6151ed161cb0",
    "id": "c1e73e40-6fd7-11e9-b5f5-d15fdff1a166",
    "createdAt": "2019-05-06T08:20:07.334Z",
    "updatedAt": "2019-05-06T08:20:07.334Z"
  },
  {
    "mainHeader": [],
    "viceHeader": [],
    "createBy": null,
    "updateBy": null,
    "delFlag": 0,
    "isParent": false,
    "parentId": "3f70f550-6fd7-11e9-b5f5-d15fdff1a166",
    "parentTitle": "学籍学历",
    "sortOrder": 0,
    "status": 0,
    "title": "来华留学生学籍学历管理平台\t",
    "_id": "5d1d4ea66ddd6151ed161cb1",
    "id": "c5453650-6fd7-11e9-b5f5-d15fdff1a166",
    "createdAt": "2019-05-06T08:20:12.983Z",
    "updatedAt": "2019-05-06T08:20:12.983Z"
  },
  {
    "mainHeader": [],
    "viceHeader": [],
    "createBy": null,
    "updateBy": null,
    "delFlag": 0,
    "isParent": false,
    "parentId": "3f70f550-6fd7-11e9-b5f5-d15fdff1a166",
    "parentTitle": "学籍学历",
    "sortOrder": 0,
    "status": 0,
    "title": "学历认证（网申平台）",
    "_id": "5d1d4ea66ddd6151ed161cb2",
    "id": "c93953e0-6fd7-11e9-b5f5-d15fdff1a166",
    "createdAt": "2019-05-06T08:20:19.616Z",
    "updatedAt": "2019-05-06T08:20:19.616Z"
  },
  {
    "mainHeader": [],
    "viceHeader": [],
    "createBy": null,
    "updateBy": null,
    "delFlag": 0,
    "isParent": false,
    "parentId": "3f70f550-6fd7-11e9-b5f5-d15fdff1a166",
    "parentTitle": "学籍学历",
    "sortOrder": 0,
    "status": 0,
    "title": "学历认证（办公平台）",
    "_id": "5d1d4ea66ddd6151ed161cb3",
    "id": "ce2b8080-6fd7-11e9-b5f5-d15fdff1a166",
    "createdAt": "2019-05-06T08:20:27.914Z",
    "updatedAt": "2019-05-06T08:20:27.914Z"
  },
  {
    "mainHeader": [],
    "viceHeader": [],
    "createBy": null,
    "updateBy": null,
    "delFlag": 0,
    "isParent": false,
    "parentId": "42b96990-6fd7-11e9-b5f5-d15fdff1a166",
    "parentTitle": "高考",
    "sortOrder": 0,
    "status": 0,
    "title": "高考（主站）\t",
    "_id": "5d1d4ea66ddd6151ed161cb4",
    "id": "d38373d0-6fd7-11e9-b5f5-d15fdff1a166",
    "createdAt": "2019-05-06T08:20:36.880Z",
    "updatedAt": "2019-05-06T08:20:36.880Z"
  },
  {
    "mainHeader": [],
    "viceHeader": [],
    "createBy": null,
    "updateBy": null,
    "delFlag": 0,
    "isParent": false,
    "parentId": "42b96990-6fd7-11e9-b5f5-d15fdff1a166",
    "parentTitle": "高考",
    "sortOrder": 0,
    "status": 0,
    "title": "来源计划管理系统",
    "_id": "5d1d4ea66ddd6151ed161cb5",
    "id": "d6934be0-6fd7-11e9-b5f5-d15fdff1a166",
    "createdAt": "2019-05-06T08:20:42.015Z",
    "updatedAt": "2019-05-06T08:20:42.015Z"
  },
  {
    "mainHeader": [],
    "viceHeader": [],
    "createBy": null,
    "updateBy": null,
    "delFlag": 0,
    "isParent": false,
    "parentId": "42b96990-6fd7-11e9-b5f5-d15fdff1a166",
    "parentTitle": "高考",
    "sortOrder": 0,
    "status": 0,
    "title": "特殊类型招生报名平台",
    "_id": "5d1d4ea66ddd6151ed161cb6",
    "id": "d9ed2540-6fd7-11e9-b5f5-d15fdff1a166",
    "createdAt": "2019-05-06T08:20:47.641Z",
    "updatedAt": "2019-05-06T08:20:47.641Z"
  },
  {
    "mainHeader": [],
    "viceHeader": [],
    "createBy": null,
    "updateBy": null,
    "delFlag": 0,
    "isParent": false,
    "parentId": "42b96990-6fd7-11e9-b5f5-d15fdff1a166",
    "parentTitle": "高考",
    "sortOrder": 0,
    "status": 0,
    "title": "综合评价报名系统",
    "_id": "5d1d4ea66ddd6151ed161cb7",
    "id": "dd328c40-6fd7-11e9-b5f5-d15fdff1a166",
    "createdAt": "2019-05-06T08:20:53.126Z",
    "updatedAt": "2019-05-06T08:20:53.126Z"
  },
  {
    "mainHeader": [],
    "viceHeader": [],
    "createBy": null,
    "updateBy": null,
    "delFlag": 0,
    "isParent": false,
    "parentId": "42b96990-6fd7-11e9-b5f5-d15fdff1a166",
    "parentTitle": "高考",
    "sortOrder": 0,
    "status": 0,
    "title": "艺术类招生考试信息交互系统 ",
    "_id": "5d1d4ea66ddd6151ed161cb8",
    "id": "e0897f70-6fd7-11e9-b5f5-d15fdff1a166",
    "createdAt": "2019-05-06T08:20:58.729Z",
    "updatedAt": "2019-05-06T08:20:58.729Z"
  },
  {
    "mainHeader": [],
    "viceHeader": [],
    "createBy": null,
    "updateBy": null,
    "delFlag": 0,
    "isParent": false,
    "parentId": "42b96990-6fd7-11e9-b5f5-d15fdff1a166",
    "parentTitle": "高考",
    "sortOrder": 0,
    "status": 0,
    "title": "高考数据报送系统",
    "_id": "5d1d4ea66ddd6151ed161cb9",
    "id": "e375f100-6fd7-11e9-b5f5-d15fdff1a166",
    "createdAt": "2019-05-06T08:21:03.634Z",
    "updatedAt": "2019-05-06T08:21:03.634Z"
  },
  {
    "mainHeader": [],
    "viceHeader": [],
    "createBy": null,
    "updateBy": null,
    "delFlag": 0,
    "isParent": false,
    "parentId": "42b96990-6fd7-11e9-b5f5-d15fdff1a166",
    "parentTitle": "高考",
    "sortOrder": 0,
    "status": 0,
    "title": "高考填报志愿参考系统",
    "_id": "5d1d4ea66ddd6151ed161cba",
    "id": "e73ae840-6fd7-11e9-b5f5-d15fdff1a166",
    "createdAt": "2019-05-06T08:21:09.958Z",
    "updatedAt": "2019-05-06T08:21:09.958Z"
  },
  {
    "mainHeader": [],
    "viceHeader": [],
    "createBy": null,
    "updateBy": null,
    "delFlag": 0,
    "isParent": false,
    "parentId": "42b96990-6fd7-11e9-b5f5-d15fdff1a166",
    "parentTitle": "高考",
    "sortOrder": 0,
    "status": 0,
    "title": "高考填报志愿参考系统（旧版）",
    "_id": "5d1d4ea66ddd6151ed161cbb",
    "id": "eb468570-6fd7-11e9-b5f5-d15fdff1a166",
    "createdAt": "2019-05-06T08:21:16.745Z",
    "updatedAt": "2019-05-06T08:21:16.745Z"
  },
  {
    "mainHeader": [],
    "viceHeader": [],
    "createBy": null,
    "updateBy": null,
    "delFlag": 0,
    "isParent": false,
    "parentId": "42b96990-6fd7-11e9-b5f5-d15fdff1a166",
    "parentTitle": "高考",
    "sortOrder": 0,
    "status": 0,
    "title": "学在港澳行前培训报名系统",
    "_id": "5d1d4ea66ddd6151ed161cbc",
    "id": "eea519c0-6fd7-11e9-b5f5-d15fdff1a166",
    "createdAt": "2019-05-06T08:21:22.398Z",
    "updatedAt": "2019-05-06T08:21:22.398Z"
  },
  {
    "mainHeader": [],
    "viceHeader": [],
    "createBy": null,
    "updateBy": null,
    "delFlag": 0,
    "isParent": false,
    "parentId": "42b96990-6fd7-11e9-b5f5-d15fdff1a166",
    "parentTitle": "高考",
    "sortOrder": 0,
    "status": 0,
    "title": "高考满意度",
    "_id": "5d1d4ea66ddd6151ed161cbd",
    "id": "f1fa8650-6fd7-11e9-b5f5-d15fdff1a166",
    "createdAt": "2019-05-06T08:21:27.990Z",
    "updatedAt": "2019-05-06T08:21:27.990Z"
  },
  {
    "mainHeader": [],
    "viceHeader": [],
    "createBy": null,
    "updateBy": null,
    "delFlag": 0,
    "isParent": false,
    "parentId": "4759f3c0-6fd7-11e9-b5f5-d15fdff1a166",
    "parentTitle": "研招",
    "sortOrder": 0,
    "status": 0,
    "title": "研招（主站）",
    "_id": "5d1d4ea66ddd6151ed161cbe",
    "id": "faf988a0-6fd7-11e9-b5f5-d15fdff1a166",
    "createdAt": "2019-05-06T08:21:43.084Z",
    "updatedAt": "2019-05-06T08:21:43.084Z"
  },
  {
    "mainHeader": [],
    "viceHeader": [],
    "createBy": null,
    "updateBy": null,
    "delFlag": 0,
    "isParent": false,
    "parentId": "4759f3c0-6fd7-11e9-b5f5-d15fdff1a166",
    "parentTitle": "研招",
    "sortOrder": 0,
    "status": 0,
    "title": "研招（网报）",
    "_id": "5d1d4ea66ddd6151ed161cbf",
    "id": "fe5cd7e0-6fd7-11e9-b5f5-d15fdff1a166",
    "createdAt": "2019-05-06T08:21:48.768Z",
    "updatedAt": "2019-05-06T08:21:48.768Z"
  },
  {
    "mainHeader": [],
    "viceHeader": [],
    "createBy": null,
    "updateBy": null,
    "delFlag": 0,
    "isParent": false,
    "parentId": "4759f3c0-6fd7-11e9-b5f5-d15fdff1a166",
    "parentTitle": "研招",
    "sortOrder": 0,
    "status": 0,
    "title": "研招（调剂）",
    "_id": "5d1d4ea66ddd6151ed161cc0",
    "id": "013f5e60-6fd8-11e9-b5f5-d15fdff1a166",
    "createdAt": "2019-05-06T08:21:53.608Z",
    "updatedAt": "2019-05-06T08:21:53.608Z"
  },
  {
    "mainHeader": [],
    "viceHeader": [],
    "createBy": null,
    "updateBy": null,
    "delFlag": 0,
    "isParent": false,
    "parentId": "4759f3c0-6fd7-11e9-b5f5-d15fdff1a166",
    "parentTitle": "研招",
    "sortOrder": 0,
    "status": 0,
    "title": "推免服务系统",
    "_id": "5d1d4ea66ddd6151ed161cc1",
    "id": "046137d0-6fd8-11e9-b5f5-d15fdff1a166",
    "createdAt": "2019-05-06T08:21:58.864Z",
    "updatedAt": "2019-05-06T08:21:58.864Z"
  },
  {
    "mainHeader": [],
    "viceHeader": [],
    "createBy": null,
    "updateBy": null,
    "delFlag": 0,
    "isParent": false,
    "parentId": "4759f3c0-6fd7-11e9-b5f5-d15fdff1a166",
    "parentTitle": "研招",
    "sortOrder": 0,
    "status": 0,
    "title": "信息公开平台",
    "_id": "5d1d4ea66ddd6151ed161cc2",
    "id": "07944f50-6fd8-11e9-b5f5-d15fdff1a166",
    "createdAt": "2019-05-06T08:22:04.232Z",
    "updatedAt": "2019-05-06T08:22:04.232Z"
  },
  {
    "mainHeader": [],
    "viceHeader": [],
    "createBy": null,
    "updateBy": null,
    "delFlag": 0,
    "isParent": false,
    "parentId": "4759f3c0-6fd7-11e9-b5f5-d15fdff1a166",
    "parentTitle": "研招",
    "sortOrder": 0,
    "status": 0,
    "title": "研招（博士报名）",
    "_id": "5d1d4ea66ddd6151ed161cc3",
    "id": "0b2cdf60-6fd8-11e9-b5f5-d15fdff1a166",
    "createdAt": "2019-05-06T08:22:10.264Z",
    "updatedAt": "2019-05-06T08:22:10.264Z"
  },
  {
    "mainHeader": [],
    "viceHeader": [],
    "createBy": null,
    "updateBy": null,
    "delFlag": 0,
    "isParent": false,
    "parentId": "4759f3c0-6fd7-11e9-b5f5-d15fdff1a166",
    "parentTitle": "研招",
    "sortOrder": 0,
    "status": 0,
    "title": "研究生计划上报系统\t",
    "_id": "5d1d4ea66ddd6151ed161cc4",
    "id": "0e1c8540-6fd8-11e9-b5f5-d15fdff1a166",
    "createdAt": "2019-05-06T08:22:15.190Z",
    "updatedAt": "2019-05-06T08:22:15.190Z"
  },
  {
    "mainHeader": [],
    "viceHeader": [],
    "createBy": null,
    "updateBy": null,
    "delFlag": 0,
    "isParent": false,
    "parentId": "4759f3c0-6fd7-11e9-b5f5-d15fdff1a166",
    "parentTitle": "研招",
    "sortOrder": 0,
    "status": 0,
    "title": "内蒙古考场通知单",
    "_id": "5d1d4ea66ddd6151ed161cc5",
    "id": "11493420-6fd8-11e9-b5f5-d15fdff1a166",
    "createdAt": "2019-05-06T08:22:20.516Z",
    "updatedAt": "2019-05-06T08:22:20.516Z"
  },
  {
    "mainHeader": [],
    "viceHeader": [],
    "createBy": null,
    "updateBy": null,
    "delFlag": 0,
    "isParent": false,
    "parentId": "4759f3c0-6fd7-11e9-b5f5-d15fdff1a166",
    "parentTitle": "研招",
    "sortOrder": 0,
    "status": 0,
    "title": "统考网报网上确认系统",
    "_id": "5d1d4ea66ddd6151ed161cc6",
    "id": "145e3c50-6fd8-11e9-b5f5-d15fdff1a166",
    "createdAt": "2019-05-06T08:22:25.687Z",
    "updatedAt": "2019-05-06T08:22:25.687Z"
  },
  {
    "mainHeader": [],
    "viceHeader": [],
    "createBy": null,
    "updateBy": null,
    "delFlag": 0,
    "isParent": false,
    "parentId": "4c75c870-6fd7-11e9-b5f5-d15fdff1a166",
    "parentTitle": "征兵",
    "sortOrder": 0,
    "status": 0,
    "title": "全国征兵网",
    "_id": "5d1d4ea66ddd6151ed161cc7",
    "id": "19a4a370-6fd8-11e9-b5f5-d15fdff1a166",
    "createdAt": "2019-05-06T08:22:34.537Z",
    "updatedAt": "2019-05-06T08:22:34.537Z"
  },
  {
    "mainHeader": [],
    "viceHeader": [],
    "createBy": null,
    "updateBy": null,
    "delFlag": 0,
    "isParent": false,
    "parentId": "617b8ed0-6fd7-11e9-b5f5-d15fdff1a166",
    "parentTitle": "对外服务",
    "sortOrder": 0,
    "status": 0,
    "title": "中国政府网学历查询模块",
    "_id": "5d1d4ea66ddd6151ed161cc8",
    "id": "23aa8e70-6fd8-11e9-b5f5-d15fdff1a166",
    "createdAt": "2019-05-06T08:22:51.354Z",
    "updatedAt": "2019-05-06T08:22:51.354Z"
  },
  {
    "mainHeader": [],
    "viceHeader": [],
    "createBy": null,
    "updateBy": null,
    "delFlag": 0,
    "isParent": false,
    "parentId": "617b8ed0-6fd7-11e9-b5f5-d15fdff1a166",
    "parentTitle": "对外服务",
    "sortOrder": 0,
    "status": 0,
    "title": "图像采集服务平台",
    "_id": "5d1d4ea66ddd6151ed161cc9",
    "id": "26aafd30-6fd8-11e9-b5f5-d15fdff1a166",
    "createdAt": "2019-05-06T08:22:56.388Z",
    "updatedAt": "2019-05-06T08:22:56.388Z"
  },
  {
    "mainHeader": [],
    "viceHeader": [],
    "createBy": null,
    "updateBy": null,
    "delFlag": 0,
    "isParent": false,
    "parentId": "617b8ed0-6fd7-11e9-b5f5-d15fdff1a166",
    "parentTitle": "对外服务",
    "sortOrder": 0,
    "status": 0,
    "title": "图像采集服务客户端（内嵌页面）",
    "_id": "5d1d4ea66ddd6151ed161cca",
    "id": "2b6ec6d0-6fd8-11e9-b5f5-d15fdff1a166",
    "createdAt": "2019-05-06T08:23:04.383Z",
    "updatedAt": "2019-05-06T08:23:04.383Z"
  },
  {
    "mainHeader": [],
    "viceHeader": [],
    "createBy": null,
    "updateBy": null,
    "delFlag": 0,
    "isParent": false,
    "parentId": "617b8ed0-6fd7-11e9-b5f5-d15fdff1a166",
    "parentTitle": "对外服务",
    "sortOrder": 0,
    "status": 0,
    "title": "CCV在线验证报告查询系统",
    "_id": "5d1d4ea66ddd6151ed161ccb",
    "id": "31135380-6fd8-11e9-b5f5-d15fdff1a166",
    "createdAt": "2019-05-06T08:23:13.850Z",
    "updatedAt": "2019-05-06T08:23:13.850Z"
  },
  {
    "mainHeader": [],
    "viceHeader": [],
    "createBy": null,
    "updateBy": null,
    "delFlag": 0,
    "isParent": false,
    "parentId": "617b8ed0-6fd7-11e9-b5f5-d15fdff1a166",
    "parentTitle": "对外服务",
    "sortOrder": 0,
    "status": 0,
    "title": "会务管理系统",
    "_id": "5d1d4ea66ddd6151ed161ccc",
    "id": "35849050-6fd8-11e9-b5f5-d15fdff1a166",
    "createdAt": "2019-05-06T08:23:21.303Z",
    "updatedAt": "2019-05-06T08:23:21.303Z"
  },
  {
    "mainHeader": [],
    "viceHeader": [],
    "createBy": null,
    "updateBy": null,
    "delFlag": 0,
    "isParent": false,
    "parentId": "617b8ed0-6fd7-11e9-b5f5-d15fdff1a166",
    "parentTitle": "对外服务",
    "sortOrder": 0,
    "status": 0,
    "title": "电子成绩单申请",
    "_id": "5d1d4ea66ddd6151ed161ccd",
    "id": "3a095520-6fd8-11e9-b5f5-d15fdff1a166",
    "createdAt": "2019-05-06T08:23:28.884Z",
    "updatedAt": "2019-05-06T08:23:28.884Z"
  },
  {
    "mainHeader": [],
    "viceHeader": [],
    "createBy": null,
    "updateBy": null,
    "delFlag": 0,
    "isParent": false,
    "parentId": "617b8ed0-6fd7-11e9-b5f5-d15fdff1a166",
    "parentTitle": "对外服务",
    "sortOrder": 0,
    "status": 0,
    "title": "电子成绩单验证",
    "_id": "5d1d4ea66ddd6151ed161cce",
    "id": "3ef4cb00-6fd8-11e9-b5f5-d15fdff1a166",
    "createdAt": "2019-05-06T08:23:37.138Z",
    "updatedAt": "2019-05-06T08:23:37.138Z"
  },
  {
    "mainHeader": [],
    "viceHeader": [],
    "createBy": null,
    "updateBy": null,
    "delFlag": 0,
    "isParent": false,
    "parentId": "656f5e40-6fd7-11e9-b5f5-d15fdff1a166",
    "parentTitle": "通用系统",
    "sortOrder": 0,
    "status": 0,
    "title": "实名注册",
    "_id": "5d1d4ea66ddd6151ed161ccf",
    "id": "46f6f6c0-6fd8-11e9-b5f5-d15fdff1a166",
    "createdAt": "2019-05-06T08:23:50.574Z",
    "updatedAt": "2019-05-06T08:23:50.574Z"
  },
  {
    "mainHeader": [],
    "viceHeader": [],
    "createBy": null,
    "updateBy": null,
    "delFlag": 0,
    "isParent": false,
    "parentId": "656f5e40-6fd7-11e9-b5f5-d15fdff1a166",
    "parentTitle": "通用系统",
    "sortOrder": 0,
    "status": 0,
    "title": "单点登录",
    "_id": "5d1d4ea66ddd6151ed161cd0",
    "id": "4a1044b0-6fd8-11e9-b5f5-d15fdff1a166",
    "createdAt": "2019-05-06T08:23:55.773Z",
    "updatedAt": "2019-05-06T08:23:55.773Z"
  },
  {
    "mainHeader": [],
    "viceHeader": [],
    "createBy": null,
    "updateBy": null,
    "delFlag": 0,
    "isParent": false,
    "parentId": "656f5e40-6fd7-11e9-b5f5-d15fdff1a166",
    "parentTitle": "通用系统",
    "sortOrder": 0,
    "status": 0,
    "title": "公文收发\t",
    "_id": "5d1d4ea66ddd6151ed161cd1",
    "id": "4cec89a0-6fd8-11e9-b5f5-d15fdff1a166",
    "createdAt": "2019-05-06T08:24:00.572Z",
    "updatedAt": "2019-05-06T08:24:00.572Z"
  },
  {
    "mainHeader": [],
    "viceHeader": [],
    "createBy": null,
    "updateBy": null,
    "delFlag": 0,
    "isParent": false,
    "parentId": "656f5e40-6fd7-11e9-b5f5-d15fdff1a166",
    "parentTitle": "通用系统",
    "sortOrder": 0,
    "status": 0,
    "title": "数字证书申请系统",
    "_id": "5d1d4ea66ddd6151ed161cd2",
    "id": "4fe02720-6fd8-11e9-b5f5-d15fdff1a166",
    "createdAt": "2019-05-06T08:24:05.524Z",
    "updatedAt": "2019-05-06T08:24:05.524Z"
  },
  {
    "mainHeader": [],
    "viceHeader": [],
    "createBy": null,
    "updateBy": null,
    "delFlag": 0,
    "isParent": false,
    "parentId": "656f5e40-6fd7-11e9-b5f5-d15fdff1a166",
    "parentTitle": "通用系统",
    "sortOrder": 0,
    "status": 0,
    "title": "数字证书在线解锁",
    "_id": "5d1d4ea66ddd6151ed161cd3",
    "id": "52de9a10-6fd8-11e9-b5f5-d15fdff1a166",
    "createdAt": "2019-05-06T08:24:10.547Z",
    "updatedAt": "2019-05-06T08:24:10.547Z"
  },
  {
    "mainHeader": [],
    "viceHeader": [],
    "createBy": null,
    "updateBy": null,
    "delFlag": 0,
    "isParent": false,
    "parentId": "656f5e40-6fd7-11e9-b5f5-d15fdff1a166",
    "parentTitle": "通用系统",
    "sortOrder": 0,
    "status": 0,
    "title": "网上支付平台",
    "_id": "5d1d4ea66ddd6151ed161cd4",
    "id": "56cf5c40-6fd8-11e9-b5f5-d15fdff1a166",
    "createdAt": "2019-05-06T08:24:17.158Z",
    "updatedAt": "2019-05-06T08:24:17.158Z"
  },
  {
    "mainHeader": [],
    "viceHeader": [],
    "createBy": null,
    "updateBy": null,
    "delFlag": 0,
    "isParent": false,
    "parentId": "656f5e40-6fd7-11e9-b5f5-d15fdff1a166",
    "parentTitle": "通用系统",
    "sortOrder": 0,
    "status": 0,
    "title": "知识库管理系统",
    "_id": "5d1d4ea66ddd6151ed161cd5",
    "id": "5a04bdb0-6fd8-11e9-b5f5-d15fdff1a166",
    "createdAt": "2019-05-06T08:24:22.541Z",
    "updatedAt": "2019-05-06T08:24:22.541Z"
  },
  {
    "mainHeader": [],
    "viceHeader": [],
    "createBy": "",
    "updateBy": "",
    "delFlag": 0,
    "isParent": false,
    "parentId": "656f5e40-6fd7-11e9-b5f5-d15fdff1a166",
    "parentTitle": "通用系统",
    "sortOrder": 0,
    "status": 0,
    "title": "学信网机器人",
    "_id": "5d1d4ea66ddd6151ed161cd6",
    "id": "5dba99c0-6fd8-11e9-b5f5-d15fdff1a166",
    "createdAt": "2019-05-06T08:24:28.766Z",
    "updatedAt": "2019-05-06T08:24:28.766Z"
  },
  {
    "mainHeader": [],
    "viceHeader": [],
    "createBy": null,
    "updateBy": null,
    "delFlag": 0,
    "isParent": false,
    "parentId": "656f5e40-6fd7-11e9-b5f5-d15fdff1a166",
    "parentTitle": "通用系统",
    "sortOrder": 0,
    "status": 0,
    "title": "通讯录",
    "_id": "5d1d4ea66ddd6151ed161cd7",
    "id": "60640ee0-6fd8-11e9-b5f5-d15fdff1a166",
    "createdAt": "2019-05-06T08:24:33.232Z",
    "updatedAt": "2019-05-06T08:24:33.232Z"
  },
  {
    "mainHeader": [],
    "viceHeader": [],
    "createBy": null,
    "updateBy": null,
    "delFlag": 0,
    "isParent": false,
    "parentId": "656f5e40-6fd7-11e9-b5f5-d15fdff1a166",
    "parentTitle": "通用系统",
    "sortOrder": 0,
    "status": 0,
    "title": "推送系统",
    "_id": "5d1d4ea66ddd6151ed161cd8",
    "id": "638c02d0-6fd8-11e9-b5f5-d15fdff1a166",
    "createdAt": "2019-05-06T08:24:38.528Z",
    "updatedAt": "2019-05-06T08:24:38.528Z"
  },
  {
    "mainHeader": [],
    "viceHeader": [],
    "createBy": null,
    "updateBy": null,
    "delFlag": 0,
    "isParent": false,
    "parentId": "656f5e40-6fd7-11e9-b5f5-d15fdff1a166",
    "parentTitle": "通用系统",
    "sortOrder": 0,
    "status": 0,
    "title": "点评系统",
    "_id": "5d1d4ea66ddd6151ed161cd9",
    "id": "66c64640-6fd8-11e9-b5f5-d15fdff1a166",
    "createdAt": "2019-05-06T08:24:43.942Z",
    "updatedAt": "2019-05-06T08:24:43.942Z"
  },
  {
    "mainHeader": [],
    "viceHeader": [],
    "createBy": null,
    "updateBy": null,
    "delFlag": 0,
    "isParent": false,
    "parentId": "691ef8c0-6fd7-11e9-b5f5-d15fdff1a166",
    "parentTitle": "学职",
    "sortOrder": 0,
    "status": 0,
    "title": "学职平台",
    "_id": "5d1d4ea66ddd6151ed161cda",
    "id": "6af0b610-6fd8-11e9-b5f5-d15fdff1a166",
    "createdAt": "2019-05-06T08:24:50.931Z",
    "updatedAt": "2019-05-06T08:24:50.931Z"
  },
  {
    "mainHeader": [],
    "viceHeader": [],
    "createBy": null,
    "updateBy": null,
    "delFlag": 0,
    "isParent": false,
    "parentId": "6d0b4e20-6fd7-11e9-b5f5-d15fdff1a166",
    "parentTitle": "港澳台",
    "sortOrder": 0,
    "status": 0,
    "title": "海峡两岸",
    "_id": "5d1d4ea66ddd6151ed161cdb",
    "id": "6f3a46a0-6fd8-11e9-b5f5-d15fdff1a166",
    "createdAt": "2019-05-06T08:24:58.124Z",
    "updatedAt": "2019-05-06T08:24:58.124Z"
  },
  {
    "mainHeader": [],
    "viceHeader": [],
    "createBy": null,
    "updateBy": null,
    "delFlag": 0,
    "isParent": false,
    "parentId": "6d0b4e20-6fd7-11e9-b5f5-d15fdff1a166",
    "parentTitle": "港澳台",
    "sortOrder": 0,
    "status": 0,
    "title": "海峡两岸二年制报名系统",
    "_id": "5d1d4ea66ddd6151ed161cdc",
    "id": "7279ba30-6fd8-11e9-b5f5-d15fdff1a166",
    "createdAt": "2019-05-06T08:25:03.573Z",
    "updatedAt": "2019-05-06T08:25:03.573Z"
  },
  {
    "mainHeader": [],
    "viceHeader": [],
    "createBy": null,
    "updateBy": null,
    "delFlag": 0,
    "isParent": false,
    "parentId": "6d0b4e20-6fd7-11e9-b5f5-d15fdff1a166",
    "parentTitle": "港澳台",
    "sortOrder": 0,
    "status": 0,
    "title": "在台学习证明申请",
    "_id": "5d1d4ea66ddd6151ed161cdd",
    "id": "75540350-6fd8-11e9-b5f5-d15fdff1a166",
    "createdAt": "2019-05-06T08:25:08.359Z",
    "updatedAt": "2019-05-06T08:25:08.359Z"
  },
  {
    "mainHeader": [],
    "viceHeader": [],
    "createBy": null,
    "updateBy": null,
    "delFlag": 0,
    "isParent": false,
    "parentId": "6d0b4e20-6fd7-11e9-b5f5-d15fdff1a166",
    "parentTitle": "港澳台",
    "sortOrder": 0,
    "status": 0,
    "title": "面向港澳台招生网",
    "_id": "5d1d4ea66ddd6151ed161cde",
    "id": "78ae03c0-6fd8-11e9-b5f5-d15fdff1a166",
    "createdAt": "2019-05-06T08:25:13.982Z",
    "updatedAt": "2019-05-06T08:25:13.982Z"
  },
  {
    "mainHeader": [],
    "viceHeader": [],
    "createBy": null,
    "updateBy": null,
    "delFlag": 0,
    "isParent": false,
    "parentId": "6d0b4e20-6fd7-11e9-b5f5-d15fdff1a166",
    "parentTitle": "港澳台",
    "sortOrder": 0,
    "status": 0,
    "title": "港澳台研究生报名系统",
    "_id": "5d1d4ea66ddd6151ed161cdf",
    "id": "7c230640-6fd8-11e9-b5f5-d15fdff1a166",
    "createdAt": "2019-05-06T08:25:19.781Z",
    "updatedAt": "2019-05-06T08:25:19.781Z"
  },
  {
    "mainHeader": [],
    "viceHeader": [],
    "createBy": null,
    "updateBy": null,
    "delFlag": 0,
    "isParent": false,
    "parentId": "710ba0b0-6fd7-11e9-b5f5-d15fdff1a166",
    "parentTitle": "中心相关",
    "sortOrder": 0,
    "status": 0,
    "title": "中心官网\t",
    "_id": "5d1d4ea66ddd6151ed161ce0",
    "id": "85262740-6fd8-11e9-b5f5-d15fdff1a166",
    "createdAt": "2019-05-06T08:25:34.902Z",
    "updatedAt": "2019-05-06T08:25:34.902Z"
  },
  {
    "mainHeader": [],
    "viceHeader": [],
    "createBy": null,
    "updateBy": null,
    "delFlag": 0,
    "isParent": false,
    "parentId": "710ba0b0-6fd7-11e9-b5f5-d15fdff1a166",
    "parentTitle": "中心相关",
    "sortOrder": 0,
    "status": 0,
    "title": "全国高校就业创业指导教师网",
    "_id": "5d1d4ea66ddd6151ed161ce1",
    "id": "88ad0410-6fd8-11e9-b5f5-d15fdff1a166",
    "createdAt": "2019-05-06T08:25:40.819Z",
    "updatedAt": "2019-05-06T08:25:40.819Z"
  },
  {
    "mainHeader": [],
    "viceHeader": [],
    "createBy": null,
    "updateBy": null,
    "delFlag": 0,
    "isParent": false,
    "parentId": "710ba0b0-6fd7-11e9-b5f5-d15fdff1a166",
    "parentTitle": "中心相关",
    "sortOrder": 0,
    "status": 0,
    "title": "全国高校创新创业总结宣传工作网",
    "_id": "5d1d4ea66ddd6151ed161ce2",
    "id": "8c44f7e0-6fd8-11e9-b5f5-d15fdff1a166",
    "createdAt": "2019-05-06T08:25:46.847Z",
    "updatedAt": "2019-05-06T08:25:46.847Z"
  },
  {
    "mainHeader": [],
    "viceHeader": [],
    "createBy": null,
    "updateBy": null,
    "delFlag": 0,
    "isParent": false,
    "parentId": "710ba0b0-6fd7-11e9-b5f5-d15fdff1a166",
    "parentTitle": "中心相关",
    "sortOrder": 0,
    "status": 0,
    "title": "新职业",
    "_id": "5d1d4ea66ddd6151ed161ce3",
    "id": "8f2d4ac0-6fd8-11e9-b5f5-d15fdff1a166",
    "createdAt": "2019-05-06T08:25:51.726Z",
    "updatedAt": "2019-05-06T08:25:51.726Z"
  },
  {
    "mainHeader": [],
    "viceHeader": [],
    "createBy": null,
    "updateBy": null,
    "delFlag": 0,
    "isParent": false,
    "parentId": "710ba0b0-6fd7-11e9-b5f5-d15fdff1a166",
    "parentTitle": "中心相关",
    "sortOrder": 0,
    "status": 0,
    "title": "新职业学生应聘系统",
    "_id": "5d1d4ea66ddd6151ed161ce4",
    "id": "924e12c0-6fd8-11e9-b5f5-d15fdff1a166",
    "createdAt": "2019-05-06T08:25:56.973Z",
    "updatedAt": "2019-05-06T08:25:56.973Z"
  },
  {
    "mainHeader": [],
    "viceHeader": [],
    "createBy": null,
    "updateBy": null,
    "delFlag": 0,
    "isParent": false,
    "parentId": "710ba0b0-6fd7-11e9-b5f5-d15fdff1a166",
    "parentTitle": "中心相关",
    "sortOrder": 0,
    "status": 0,
    "title": "新职业企业招聘系统",
    "_id": "5d1d4ea66ddd6151ed161ce5",
    "id": "95eb84d0-6fd8-11e9-b5f5-d15fdff1a166",
    "createdAt": "2019-05-06T08:26:03.039Z",
    "updatedAt": "2019-05-06T08:26:03.039Z"
  },
  {
    "mainHeader": [],
    "viceHeader": [],
    "createBy": null,
    "updateBy": null,
    "delFlag": 0,
    "isParent": false,
    "parentId": "710ba0b0-6fd7-11e9-b5f5-d15fdff1a166",
    "parentTitle": "中心相关",
    "sortOrder": 0,
    "status": 0,
    "title": "新职业后台管理系统",
    "_id": "5d1d4ea66ddd6151ed161ce6",
    "id": "9920bf30-6fd8-11e9-b5f5-d15fdff1a166",
    "createdAt": "2019-05-06T08:26:08.421Z",
    "updatedAt": "2019-05-06T08:26:08.421Z"
  },
  {
    "mainHeader": [],
    "viceHeader": [],
    "createBy": null,
    "updateBy": null,
    "delFlag": 0,
    "isParent": false,
    "parentId": "710ba0b0-6fd7-11e9-b5f5-d15fdff1a166",
    "parentTitle": "中心相关",
    "sortOrder": 0,
    "status": 0,
    "title": "中海油招聘系统\t",
    "_id": "5d1d4ea66ddd6151ed161ce7",
    "id": "9c22dba0-6fd8-11e9-b5f5-d15fdff1a166",
    "createdAt": "2019-05-06T08:26:13.468Z",
    "updatedAt": "2019-05-06T08:26:13.468Z"
  },
  {
    "mainHeader": [],
    "viceHeader": [],
    "createBy": null,
    "updateBy": null,
    "delFlag": 0,
    "isParent": false,
    "parentId": "710ba0b0-6fd7-11e9-b5f5-d15fdff1a166",
    "parentTitle": "中心相关",
    "sortOrder": 0,
    "status": 0,
    "title": "就业杂志",
    "_id": "5d1d4ea66ddd6151ed161ce8",
    "id": "9ff98620-6fd8-11e9-b5f5-d15fdff1a166",
    "createdAt": "2019-05-06T08:26:19.909Z",
    "updatedAt": "2019-05-06T08:26:19.909Z"
  },
  {
    "mainHeader": [],
    "viceHeader": [],
    "createBy": null,
    "updateBy": null,
    "delFlag": 0,
    "isParent": false,
    "parentId": "710ba0b0-6fd7-11e9-b5f5-d15fdff1a166",
    "parentTitle": "中心相关",
    "sortOrder": 0,
    "status": 0,
    "title": "创服网\t",
    "_id": "5d1d4ea66ddd6151ed161ce9",
    "id": "a2e50d50-6fd8-11e9-b5f5-d15fdff1a166",
    "createdAt": "2019-05-06T08:26:24.807Z",
    "updatedAt": "2019-05-06T08:26:24.807Z"
  },
  {
    "mainHeader": [],
    "viceHeader": [],
    "createBy": null,
    "updateBy": null,
    "delFlag": 0,
    "isParent": false,
    "parentId": "710ba0b0-6fd7-11e9-b5f5-d15fdff1a166",
    "parentTitle": "中心相关",
    "sortOrder": 0,
    "status": 0,
    "title": "创服网英文版系统",
    "_id": "5d1d4ea66ddd6151ed161cea",
    "id": "a70a9b20-6fd8-11e9-b5f5-d15fdff1a166",
    "createdAt": "2019-05-06T08:26:31.764Z",
    "updatedAt": "2019-05-06T08:26:31.764Z"
  },
  {
    "mainHeader": [],
    "viceHeader": [],
    "createBy": null,
    "updateBy": null,
    "delFlag": 0,
    "isParent": false,
    "parentId": "710ba0b0-6fd7-11e9-b5f5-d15fdff1a166",
    "parentTitle": "中心相关",
    "sortOrder": 0,
    "status": 0,
    "title": "创服网部级评审系统",
    "_id": "5d1d4ea66ddd6151ed161ceb",
    "id": "aa971d40-6fd8-11e9-b5f5-d15fdff1a166",
    "createdAt": "2019-05-06T08:26:37.718Z",
    "updatedAt": "2019-05-06T08:26:37.718Z"
  },
  {
    "mainHeader": [],
    "viceHeader": [],
    "createBy": null,
    "updateBy": null,
    "delFlag": 0,
    "isParent": false,
    "parentId": "710ba0b0-6fd7-11e9-b5f5-d15fdff1a166",
    "parentTitle": "中心相关",
    "sortOrder": 0,
    "status": 0,
    "title": "创服网省级评审系统",
    "_id": "5d1d4ea66ddd6151ed161cec",
    "id": "ae5e3760-6fd8-11e9-b5f5-d15fdff1a166",
    "createdAt": "2019-05-06T08:26:44.056Z",
    "updatedAt": "2019-05-06T08:26:44.056Z"
  },
  {
    "mainHeader": [],
    "viceHeader": [],
    "createBy": null,
    "updateBy": null,
    "delFlag": 0,
    "isParent": false,
    "parentId": "710ba0b0-6fd7-11e9-b5f5-d15fdff1a166",
    "parentTitle": "中心相关",
    "sortOrder": 0,
    "status": 0,
    "title": "创服网cms后台管理系统",
    "_id": "5d1d4ea66ddd6151ed161ced",
    "id": "b19100c0-6fd8-11e9-b5f5-d15fdff1a166",
    "createdAt": "2019-05-06T08:26:49.422Z",
    "updatedAt": "2019-05-06T08:26:49.422Z"
  },
  {
    "mainHeader": [],
    "viceHeader": [],
    "createBy": null,
    "updateBy": null,
    "delFlag": 0,
    "isParent": false,
    "parentId": "710ba0b0-6fd7-11e9-b5f5-d15fdff1a166",
    "parentTitle": "中心相关",
    "sortOrder": 0,
    "status": 0,
    "title": "新疆籍毕业生就业创业信息平台",
    "_id": "5d1d4ea66ddd6151ed161cee",
    "id": "b4ec60c0-6fd8-11e9-b5f5-d15fdff1a166",
    "createdAt": "2019-05-06T08:26:55.054Z",
    "updatedAt": "2019-05-06T08:26:55.054Z"
  },
  {
    "mainHeader": [],
    "viceHeader": [],
    "createBy": null,
    "updateBy": null,
    "delFlag": 0,
    "isParent": false,
    "parentId": "710ba0b0-6fd7-11e9-b5f5-d15fdff1a166",
    "parentTitle": "中心相关",
    "sortOrder": 0,
    "status": 0,
    "title": "国际组织平台",
    "_id": "5d1d4ea66ddd6151ed161cef",
    "id": "b7e4b930-6fd8-11e9-b5f5-d15fdff1a166",
    "createdAt": "2019-05-06T08:27:00.036Z",
    "updatedAt": "2019-05-06T08:27:00.036Z"
  },
  {
    "mainHeader": [],
    "viceHeader": [],
    "createBy": null,
    "updateBy": null,
    "delFlag": 0,
    "isParent": false,
    "parentId": "710ba0b0-6fd7-11e9-b5f5-d15fdff1a166",
    "parentTitle": "中心相关",
    "sortOrder": 0,
    "status": 0,
    "title": "就业管理系统",
    "_id": "5d1d4ea66ddd6151ed161cf0",
    "id": "bb4dd4d0-6fd8-11e9-b5f5-d15fdff1a166",
    "createdAt": "2019-05-06T08:27:05.759Z",
    "updatedAt": "2019-05-06T08:27:05.759Z"
  },
  {
    "mainHeader": [],
    "viceHeader": [],
    "createBy": null,
    "updateBy": null,
    "delFlag": 0,
    "isParent": false,
    "parentId": "710ba0b0-6fd7-11e9-b5f5-d15fdff1a166",
    "parentTitle": "中心相关",
    "sortOrder": 0,
    "status": 0,
    "title": "调查问卷系统",
    "_id": "5d1d4ea66ddd6151ed161cf1",
    "id": "be146ee0-6fd8-11e9-b5f5-d15fdff1a166",
    "createdAt": "2019-05-06T08:27:10.416Z",
    "updatedAt": "2019-05-06T08:27:10.416Z"
  },
  {
    "mainHeader": [],
    "viceHeader": [],
    "createBy": null,
    "updateBy": null,
    "delFlag": 0,
    "isParent": false,
    "parentId": "710ba0b0-6fd7-11e9-b5f5-d15fdff1a166",
    "parentTitle": "中心相关",
    "sortOrder": 0,
    "status": 0,
    "title": "新职人才测评企业系统",
    "_id": "5d1d4ea66ddd6151ed161cf2",
    "id": "c0e409a0-6fd8-11e9-b5f5-d15fdff1a166",
    "createdAt": "2019-05-06T08:27:15.132Z",
    "updatedAt": "2019-05-06T08:27:15.132Z"
  },
  {
    "mainHeader": [],
    "viceHeader": [],
    "createBy": null,
    "updateBy": null,
    "delFlag": 0,
    "isParent": false,
    "parentId": "710ba0b0-6fd7-11e9-b5f5-d15fdff1a166",
    "parentTitle": "中心相关",
    "sortOrder": 0,
    "status": 0,
    "title": "新职人才测评学生系统",
    "_id": "5d1d4ea66ddd6151ed161cf3",
    "id": "c3dc13f0-6fd8-11e9-b5f5-d15fdff1a166",
    "createdAt": "2019-05-06T08:27:20.113Z",
    "updatedAt": "2019-05-06T08:27:20.113Z"
  },
  {
    "mainHeader": [],
    "viceHeader": [],
    "createBy": null,
    "updateBy": null,
    "delFlag": 0,
    "isParent": false,
    "parentId": "710ba0b0-6fd7-11e9-b5f5-d15fdff1a166",
    "parentTitle": "中心相关",
    "sortOrder": 0,
    "status": 0,
    "title": "新职人才测评后台管理系统",
    "_id": "5d1d4ea66ddd6151ed161cf4",
    "id": "c6f9a7a0-6fd8-11e9-b5f5-d15fdff1a166",
    "createdAt": "2019-05-06T08:27:25.340Z",
    "updatedAt": "2019-05-06T08:27:25.340Z"
  },
  {
    "mainHeader": [],
    "viceHeader": [],
    "createBy": null,
    "updateBy": null,
    "delFlag": 0,
    "isParent": false,
    "parentId": "710ba0b0-6fd7-11e9-b5f5-d15fdff1a166",
    "parentTitle": "中心相关",
    "sortOrder": 0,
    "status": 0,
    "title": "免费师范生信息管理与服务系统",
    "_id": "5d1d4ea66ddd6151ed161cf5",
    "id": "ca31a120-6fd8-11e9-b5f5-d15fdff1a166",
    "createdAt": "2019-05-06T08:27:30.740Z",
    "updatedAt": "2019-05-06T08:27:30.740Z"
  },
  {
    "mainHeader": [],
    "viceHeader": [],
    "createBy": null,
    "updateBy": null,
    "delFlag": 0,
    "isParent": false,
    "parentId": "710ba0b0-6fd7-11e9-b5f5-d15fdff1a166",
    "parentTitle": "中心相关",
    "sortOrder": 0,
    "status": 0,
    "title": "农村教师特岗计划信息管理与服务系统",
    "_id": "5d1d4ea66ddd6151ed161cf6",
    "id": "ce09d240-6fd8-11e9-b5f5-d15fdff1a166",
    "createdAt": "2019-05-06T08:27:37.190Z",
    "updatedAt": "2019-05-06T08:27:37.190Z"
  },
  {
    "mainHeader": [],
    "viceHeader": [],
    "createBy": null,
    "updateBy": null,
    "delFlag": 0,
    "isParent": false,
    "parentId": "710ba0b0-6fd7-11e9-b5f5-d15fdff1a166",
    "parentTitle": "中心相关",
    "sortOrder": 0,
    "status": 0,
    "title": "教育部人才服务网（公招平台）",
    "_id": "5d1d4ea66ddd6151ed161cf7",
    "id": "d14e00c0-6fd8-11e9-b5f5-d15fdff1a166",
    "createdAt": "2019-05-06T08:27:42.670Z",
    "updatedAt": "2019-05-06T08:27:42.670Z"
  },
  {
    "mainHeader": [],
    "viceHeader": [],
    "createBy": null,
    "updateBy": null,
    "delFlag": 0,
    "isParent": false,
    "parentId": "710ba0b0-6fd7-11e9-b5f5-d15fdff1a166",
    "parentTitle": "中心相关",
    "sortOrder": 0,
    "status": 0,
    "title": "教育部心理测评",
    "_id": "5d1d4ea66ddd6151ed161cf8",
    "id": "d4811840-6fd8-11e9-b5f5-d15fdff1a166",
    "createdAt": "2019-05-06T08:27:48.037Z",
    "updatedAt": "2019-05-06T08:27:48.037Z"
  },
  {
    "mainHeader": [],
    "viceHeader": [],
    "createBy": null,
    "updateBy": null,
    "delFlag": 0,
    "isParent": false,
    "parentId": "77735650-6fd7-11e9-b5f5-d15fdff1a166",
    "parentTitle": "发布系统",
    "sortOrder": 0,
    "status": 0,
    "title": "新闻发布系统",
    "_id": "5d1d4ea66ddd6151ed161cf9",
    "id": "da73c4f0-6fd8-11e9-b5f5-d15fdff1a166",
    "createdAt": "2019-05-06T08:27:58.017Z",
    "updatedAt": "2019-05-06T08:27:58.017Z"
  },
  {
    "mainHeader": [],
    "viceHeader": [],
    "createBy": null,
    "updateBy": null,
    "delFlag": 0,
    "isParent": false,
    "parentId": "77735650-6fd7-11e9-b5f5-d15fdff1a166",
    "parentTitle": "发布系统",
    "sortOrder": 0,
    "status": 0,
    "title": "代码发布系统",
    "_id": "5d1d4ea66ddd6151ed161cfa",
    "id": "dd4c1240-6fd8-11e9-b5f5-d15fdff1a166",
    "createdAt": "2019-05-06T08:28:02.790Z",
    "updatedAt": "2019-05-06T08:28:02.790Z"
  },
  {
    "mainHeader": [],
    "viceHeader": [],
    "createBy": null,
    "updateBy": null,
    "delFlag": 0,
    "isParent": false,
    "parentId": "77735650-6fd7-11e9-b5f5-d15fdff1a166",
    "parentTitle": "发布系统",
    "sortOrder": 0,
    "status": 0,
    "title": "广告发布系统",
    "_id": "5d1d4ea66ddd6151ed161cfb",
    "id": "e0034300-6fd8-11e9-b5f5-d15fdff1a166",
    "createdAt": "2019-05-06T08:28:07.346Z",
    "updatedAt": "2019-05-06T08:28:07.346Z"
  },
  {
    "mainHeader": [],
    "viceHeader": [],
    "createBy": null,
    "updateBy": null,
    "delFlag": 0,
    "isParent": false,
    "parentId": "77735650-6fd7-11e9-b5f5-d15fdff1a166",
    "parentTitle": "发布系统",
    "sortOrder": 0,
    "status": 0,
    "title": "投票系统",
    "_id": "5d1d4ea66ddd6151ed161cfc",
    "id": "e2e63eb0-6fd8-11e9-b5f5-d15fdff1a166",
    "createdAt": "2019-05-06T08:28:12.189Z",
    "updatedAt": "2019-05-06T08:28:12.189Z"
  },
  {
    "mainHeader": [],
    "viceHeader": [],
    "createBy": null,
    "updateBy": null,
    "delFlag": 0,
    "isParent": false,
    "parentId": "7b460930-6fd7-11e9-b5f5-d15fdff1a166",
    "parentTitle": "内部办公",
    "sortOrder": 0,
    "status": 0,
    "title": "会议室预定系统",
    "_id": "5d1d4ea66ddd6151ed161cfd",
    "id": "e7a3c6c0-6fd8-11e9-b5f5-d15fdff1a166",
    "createdAt": "2019-05-06T08:28:20.142Z",
    "updatedAt": "2019-05-06T08:28:20.142Z"
  },
  {
    "mainHeader": [],
    "viceHeader": [],
    "createBy": null,
    "updateBy": null,
    "delFlag": 0,
    "isParent": false,
    "parentId": "7b460930-6fd7-11e9-b5f5-d15fdff1a166",
    "parentTitle": "内部办公",
    "sortOrder": 0,
    "status": 0,
    "title": "MIS系统",
    "_id": "5d1d4ea66ddd6151ed161cfe",
    "id": "eb2ec240-6fd8-11e9-b5f5-d15fdff1a166",
    "createdAt": "2019-05-06T08:28:26.087Z",
    "updatedAt": "2019-05-06T08:28:26.087Z"
  },
  {
    "mainHeader": [],
    "viceHeader": [],
    "createBy": null,
    "updateBy": null,
    "delFlag": 0,
    "isParent": false,
    "parentId": "7b460930-6fd7-11e9-b5f5-d15fdff1a166",
    "parentTitle": "内部办公",
    "sortOrder": 0,
    "status": 0,
    "title": "考勤系统",
    "_id": "5d1d4ea66ddd6151ed161cff",
    "id": "ee348830-6fd8-11e9-b5f5-d15fdff1a166",
    "createdAt": "2019-05-06T08:28:31.157Z",
    "updatedAt": "2019-05-06T08:28:31.157Z"
  },
  {
    "mainHeader": [],
    "viceHeader": [],
    "createBy": null,
    "updateBy": null,
    "delFlag": 0,
    "isParent": false,
    "parentId": "7ea560d0-6fd7-11e9-b5f5-d15fdff1a166",
    "parentTitle": "客服",
    "sortOrder": 0,
    "status": 0,
    "title": "客服邮件系统",
    "_id": "5d1d4ea66ddd6151ed161d00",
    "id": "f4c9dd80-6fd8-11e9-b5f5-d15fdff1a166",
    "createdAt": "2019-05-06T08:28:42.202Z",
    "updatedAt": "2019-05-06T08:28:42.202Z"
  },
  {
    "mainHeader": [],
    "viceHeader": [],
    "createBy": null,
    "updateBy": null,
    "delFlag": 0,
    "isParent": false,
    "parentId": "7ea560d0-6fd7-11e9-b5f5-d15fdff1a166",
    "parentTitle": "客服",
    "sortOrder": 0,
    "status": 0,
    "title": "呼叫中心系统",
    "_id": "5d1d4ea66ddd6151ed161d01",
    "id": "f785f040-6fd8-11e9-b5f5-d15fdff1a166",
    "createdAt": "2019-05-06T08:28:46.790Z",
    "updatedAt": "2019-05-06T08:28:46.790Z"
  },
  {
    "mainHeader": [],
    "viceHeader": [],
    "createBy": null,
    "updateBy": null,
    "delFlag": 0,
    "isParent": false,
    "parentId": "7ea560d0-6fd7-11e9-b5f5-d15fdff1a166",
    "parentTitle": "客服",
    "sortOrder": 0,
    "status": 0,
    "title": "客服统计系统",
    "_id": "5d1d4ea66ddd6151ed161d02",
    "id": "fa89e170-6fd8-11e9-b5f5-d15fdff1a166",
    "createdAt": "2019-05-06T08:28:51.849Z",
    "updatedAt": "2019-05-06T08:28:51.849Z"
  },
  {
    "mainHeader": [],
    "viceHeader": [],
    "createBy": null,
    "updateBy": null,
    "delFlag": 0,
    "isParent": false,
    "parentId": "83296250-6fd7-11e9-b5f5-d15fdff1a166",
    "parentTitle": "基金会",
    "sortOrder": 0,
    "status": 0,
    "title": "中国教师发展基金会",
    "_id": "5d1d4ea66ddd6151ed161d03",
    "id": "fefea0b0-6fd8-11e9-b5f5-d15fdff1a166",
    "createdAt": "2019-05-06T08:28:59.325Z",
    "updatedAt": "2019-05-06T08:28:59.325Z"
  },
  {
    "mainHeader": [],
    "viceHeader": [],
    "createBy": null,
    "updateBy": null,
    "delFlag": 0,
    "isParent": false,
    "parentId": "83296250-6fd7-11e9-b5f5-d15fdff1a166",
    "parentTitle": "基金会",
    "sortOrder": 0,
    "status": 0,
    "title": "中国教育发展基金会",
    "_id": "5d1d4ea66ddd6151ed161d04",
    "id": "02261f70-6fd9-11e9-b5f5-d15fdff1a166",
    "createdAt": "2019-05-06T08:29:04.617Z",
    "updatedAt": "2019-05-06T08:29:04.617Z"
  },
  {
    "mainHeader": [],
    "viceHeader": [],
    "createBy": null,
    "updateBy": null,
    "delFlag": 0,
    "isParent": false,
    "parentId": "87245db0-6fd7-11e9-b5f5-d15fdff1a166",
    "parentTitle": "其它",
    "sortOrder": 0,
    "status": 0,
    "title": "全国高校教育教学信息平台（含导师库）",
    "_id": "5d1d4ea66ddd6151ed161d05",
    "id": "083d4410-6fd9-11e9-b5f5-d15fdff1a166",
    "createdAt": "2019-05-06T08:29:14.835Z",
    "updatedAt": "2019-05-06T08:29:14.835Z"
  },
  {
    "mainHeader": [],
    "viceHeader": [],
    "createBy": null,
    "updateBy": null,
    "delFlag": 0,
    "isParent": false,
    "parentId": "87245db0-6fd7-11e9-b5f5-d15fdff1a166",
    "parentTitle": "其它",
    "sortOrder": 0,
    "status": 0,
    "title": "政法干警",
    "_id": "5d1d4ea66ddd6151ed161d06",
    "id": "0ce659c0-6fd9-11e9-b5f5-d15fdff1a166",
    "createdAt": "2019-05-06T08:29:22.654Z",
    "updatedAt": "2019-05-06T08:29:22.654Z"
  },
  {
    "mainHeader": [],
    "viceHeader": [],
    "createBy": null,
    "updateBy": null,
    "delFlag": 0,
    "isParent": false,
    "parentId": "87245db0-6fd7-11e9-b5f5-d15fdff1a166",
    "parentTitle": "其它",
    "sortOrder": 0,
    "status": 0,
    "title": "i乡音",
    "_id": "5d1d4ea66ddd6151ed161d07",
    "id": "0ff87bc0-6fd9-11e9-b5f5-d15fdff1a166",
    "createdAt": "2019-05-06T08:29:27.806Z",
    "updatedAt": "2019-05-06T08:29:27.806Z"
  },
  {
    "mainHeader": [],
    "viceHeader": [],
    "createBy": null,
    "updateBy": null,
    "delFlag": 0,
    "isParent": false,
    "parentId": "87245db0-6fd7-11e9-b5f5-d15fdff1a166",
    "parentTitle": "其它",
    "sortOrder": 0,
    "status": 0,
    "title": "学信就业",
    "_id": "5d1d4ea66ddd6151ed161d08",
    "id": "131e25c0-6fd9-11e9-b5f5-d15fdff1a166",
    "createdAt": "2019-05-06T08:29:33.086Z",
    "updatedAt": "2019-05-06T08:29:33.086Z"
  },
  {
    "mainHeader": [],
    "viceHeader": [],
    "createBy": null,
    "updateBy": null,
    "delFlag": 0,
    "isParent": false,
    "parentId": "87245db0-6fd7-11e9-b5f5-d15fdff1a166",
    "parentTitle": "其它",
    "sortOrder": 0,
    "status": 0,
    "title": "学生资助管理平台",
    "_id": "5d1d4ea66ddd6151ed161d09",
    "id": "162216f0-6fd9-11e9-b5f5-d15fdff1a166",
    "createdAt": "2019-05-06T08:29:38.145Z",
    "updatedAt": "2019-05-06T08:29:38.145Z"
  },
  {
    "mainHeader": [],
    "viceHeader": [],
    "createBy": null,
    "updateBy": null,
    "delFlag": 0,
    "isParent": false,
    "parentId": "8baaa920-6fd7-11e9-b5f5-d15fdff1a166",
    "parentTitle": "监控平台",
    "sortOrder": 0,
    "status": 0,
    "title": "大屏幕监控平台",
    "_id": "5d1d4ea66ddd6151ed161d0a",
    "id": "1b5a4d40-6fd9-11e9-b5f5-d15fdff1a166",
    "createdAt": "2019-05-06T08:29:46.903Z",
    "updatedAt": "2019-05-06T08:29:46.903Z"
  },
  {
    "mainHeader": [],
    "viceHeader": [],
    "createBy": null,
    "updateBy": null,
    "delFlag": 0,
    "isParent": false,
    "parentId": "91ce02c0-6fd7-11e9-b5f5-d15fdff1a166",
    "parentTitle": "已废弃",
    "sortOrder": 0,
    "status": 0,
    "title": "内地民族班",
    "_id": "5d1d4ea66ddd6151ed161d0b",
    "id": "20319ee0-6fd9-11e9-b5f5-d15fdff1a166",
    "createdAt": "2019-05-06T08:29:55.023Z",
    "updatedAt": "2019-05-06T08:29:55.023Z"
  },
  {
    "mainHeader": [],
    "viceHeader": [],
    "createBy": null,
    "updateBy": null,
    "delFlag": 0,
    "isParent": false,
    "parentId": "91ce02c0-6fd7-11e9-b5f5-d15fdff1a166",
    "parentTitle": "已废弃",
    "sortOrder": 0,
    "status": 0,
    "title": "日本频道",
    "_id": "5d1d4ea66ddd6151ed161d0c",
    "id": "2365c7d0-6fd9-11e9-b5f5-d15fdff1a166",
    "createdAt": "2019-05-06T08:30:00.399Z",
    "updatedAt": "2019-05-06T08:30:00.399Z"
  },
  {
    "mainHeader": [],
    "viceHeader": [],
    "createBy": null,
    "updateBy": null,
    "delFlag": 0,
    "isParent": false,
    "parentId": "7b460930-6fd7-11e9-b5f5-d15fdff1a166",
    "parentTitle": "内部办公",
    "sortOrder": 0,
    "status": 0,
    "title": "员工工时",
    "_id": "5d1d4ea66ddd6151ed161d0d",
    "id": "83a3e220-6fda-11e9-b5f5-d15fdff1a166",
    "createdAt": "2019-05-06T08:39:51.364Z",
    "updatedAt": "2019-05-06T08:39:51.364Z"
  },
  {
    "mainHeader": [],
    "viceHeader": [],
    "createBy": null,
    "updateBy": null,
    "delFlag": 0,
    "isParent": false,
    "parentId": "87245db0-6fd7-11e9-b5f5-d15fdff1a166",
    "parentTitle": "其它",
    "sortOrder": 0,
    "status": 0,
    "title": "综合设计",
    "_id": "5d1d4ea66ddd6151ed161d0e",
    "id": "02e247a0-7307-11e9-8d1e-9bdf1f8ffe38",
    "createdAt": "2019-05-10T09:35:56.194Z",
    "updatedAt": "2019-05-10T09:35:56.194Z"
  },
  {
    "mainHeader": [],
    "viceHeader": [],
    "createBy": null,
    "updateBy": null,
    "delFlag": 0,
    "isParent": true,
    "parentId": "0",
    "parentTitle": "一级系统",
    "sortOrder": 0,
    "status": 0,
    "title": "学习",
    "_id": "5d1d4ea66ddd6151ed161d0f",
    "id": "d0189cb0-7307-11e9-8d1e-9bdf1f8ffe38",
    "createdAt": "2019-05-10T09:41:40.477Z",
    "updatedAt": "2019-05-10T09:41:52.220Z"
  },
  {
    "mainHeader": [],
    "viceHeader": [],
    "createBy": null,
    "updateBy": null,
    "delFlag": 0,
    "isParent": false,
    "parentId": "d0189cb0-7307-11e9-8d1e-9bdf1f8ffe38",
    "parentTitle": "学习",
    "sortOrder": 0,
    "status": 0,
    "title": "学习",
    "_id": "5d1d4ea66ddd6151ed161d10",
    "id": "d7173b20-7307-11e9-8d1e-9bdf1f8ffe38",
    "createdAt": "2019-05-10T09:41:52.217Z",
    "updatedAt": "2019-05-10T09:41:52.217Z"
  },
  {
    "mainHeader": [],
    "viceHeader": [],
    "createBy": null,
    "updateBy": null,
    "delFlag": 0,
    "isParent": false,
    "parentId": "617b8ed0-6fd7-11e9-b5f5-d15fdff1a166",
    "parentTitle": "对外服务",
    "sortOrder": 0,
    "status": 0,
    "title": "杂志发行财务管理系统",
    "_id": "5d1d4ea66ddd6151ed161d11",
    "id": "4d25a2f0-7526-11e9-8d1e-9bdf1f8ffe38",
    "createdAt": "2019-05-13T02:24:57.510Z",
    "updatedAt": "2019-05-13T02:24:57.510Z"
  },
  {
    "mainHeader": [],
    "viceHeader": [],
    "createBy": null,
    "updateBy": null,
    "delFlag": 0,
    "isParent": true,
    "parentId": "0",
    "parentTitle": "一级系统",
    "sortOrder": 0,
    "status": 0,
    "title": "部门事务",
    "_id": "5d1d4ea66ddd6151ed161d12",
    "id": "e93f5210-752d-11e9-8d1e-9bdf1f8ffe38",
    "createdAt": "2019-05-13T03:19:25.875Z",
    "updatedAt": "2019-10-24T01:42:35.886Z"
  },
  {
    "mainHeader": [],
    "viceHeader": [],
    "createBy": null,
    "updateBy": null,
    "delFlag": 0,
    "isParent": false,
    "parentId": "e93f5210-752d-11e9-8d1e-9bdf1f8ffe38",
    "parentTitle": "部门事务",
    "sortOrder": 0,
    "status": 0,
    "title": "部门事务",
    "_id": "5d1d4ea66ddd6151ed161d13",
    "id": "efa58110-752d-11e9-8d1e-9bdf1f8ffe38",
    "createdAt": "2019-05-13T03:19:36.618Z",
    "updatedAt": "2019-05-13T03:19:36.618Z"
  },
  {
    "mainHeader": [],
    "viceHeader": [],
    "createBy": null,
    "updateBy": null,
    "delFlag": 0,
    "isParent": false,
    "parentId": "7b460930-6fd7-11e9-b5f5-d15fdff1a166",
    "parentTitle": "内部办公",
    "sortOrder": 0,
    "status": 0,
    "title": "数据交互系统",
    "_id": "5d1d4ea66ddd6151ed161d14",
    "id": "28921d50-7626-11e9-9b4a-c7dfbbe537c4",
    "createdAt": "2019-05-14T08:56:27.311Z",
    "updatedAt": "2019-05-14T08:56:27.311Z"
  },
  {
    "mainHeader": [],
    "viceHeader": [],
    "createBy": null,
    "updateBy": null,
    "delFlag": 0,
    "isParent": false,
    "parentId": "6d0b4e20-6fd7-11e9-b5f5-d15fdff1a166",
    "parentTitle": "港澳台",
    "sortOrder": 3,
    "status": 0,
    "title": "赴台网申",
    "_id": "5d1d4ea66ddd6151ed161d15",
    "id": "bc877a10-762a-11e9-9b4a-c7dfbbe537c4",
    "createdAt": "2019-05-14T09:29:13.530Z",
    "updatedAt": "2019-05-14T09:29:13.530Z"
  },
  {
    "mainHeader": [],
    "viceHeader": [],
    "createBy": null,
    "updateBy": null,
    "delFlag": 0,
    "isParent": true,
    "parentId": "0",
    "parentTitle": "一级系统",
    "sortOrder": 0,
    "status": 0,
    "title": "前端综合",
    "_id": "5d1d4ea66ddd6151ed161d16",
    "id": "c28065e0-7b9c-11e9-9b4a-c7dfbbe537c4",
    "createdAt": "2019-05-21T07:48:01.984Z",
    "updatedAt": "2019-10-16T09:18:44.277Z"
  },
  {
    "mainHeader": [],
    "viceHeader": [],
    "createBy": null,
    "updateBy": null,
    "delFlag": 0,
    "isParent": false,
    "parentId": "c28065e0-7b9c-11e9-9b4a-c7dfbbe537c4",
    "parentTitle": "前端综合",
    "sortOrder": 0,
    "status": 0,
    "title": "前端综合",
    "_id": "5d1d4ea66ddd6151ed161d17",
    "id": "c82f04b0-7b9c-11e9-9b4a-c7dfbbe537c4",
    "createdAt": "2019-05-21T07:48:11.519Z",
    "updatedAt": "2019-05-21T07:48:11.519Z"
  },
  {
    "mainHeader": [],
    "viceHeader": [],
    "createBy": "",
    "updateBy": "",
    "delFlag": 0,
    "isParent": false,
    "parentId": "7b460930-6fd7-11e9-b5f5-d15fdff1a166",
    "parentTitle": "内部办公",
    "sortOrder": 0,
    "status": 0,
    "title": "攻击事件处置管理系统",
    "_id": "5d1d4ea66ddd6151ed161d18",
    "id": "61e329c0-8bf0-11e9-a7a6-b94c769f6509",
    "createdAt": "2019-06-11T02:26:56.225Z",
    "updatedAt": "2019-06-11T02:26:56.225Z"
  },
  {
    "mainHeader": [
      "493caf20-7027-11e9-ad81-f73c1f26c362"
    ],
    "viceHeader": [],
    "createBy": "",
    "updateBy": "",
    "delFlag": 0,
    "isParent": true,
    "parentId": "0",
    "parentTitle": "一级系统",
    "sortOrder": 0,
    "status": 0,
    "title": "网络安全事件处置管理系统",
    "_id": "5d1d4ea66ddd6151ed161d19",
    "id": "ae2c1370-8c2a-11e9-9707-4b87eca1469f",
    "createdAt": "2019-06-11T09:24:15.028Z",
    "updatedAt": "2019-06-11T09:25:08.942Z"
  },
  {
    "mainHeader": [],
    "viceHeader": [],
    "createBy": "",
    "updateBy": "",
    "delFlag": 0,
    "isParent": false,
    "parentId": "ae2c1370-8c2a-11e9-9707-4b87eca1469f",
    "parentTitle": "网络安全事件处置管理系统",
    "sortOrder": 0,
    "status": 0,
    "title": "网络安全事件处置管理系统",
    "_id": "5d1d4ea66ddd6151ed161d1a",
    "id": "ce4f7660-8c2a-11e9-9707-4b87eca1469f",
    "createdAt": "2019-06-11T09:25:08.939Z",
    "updatedAt": "2019-06-11T09:25:08.939Z"
  },
  {
    "mainHeader": [],
    "viceHeader": [],
    "createBy": null,
    "updateBy": null,
    "delFlag": 0,
    "isParent": false,
    "parentId": "710ba0b0-6fd7-11e9-b5f5-d15fdff1a166",
    "parentTitle": "中心相关",
    "sortOrder": 0,
    "status": 0,
    "title": "一流学科调查",
    "_id": "5d1d4ea66ddd6151ed161d1b",
    "id": "230a3370-933d-11e9-9cd0-6fb8f3d26b41",
    "createdAt": "2019-06-20T09:24:00.170Z",
    "updatedAt": "2019-06-20T09:24:00.170Z"
  },
  {
    "mainHeader": [],
    "viceHeader": [],
    "createBy": null,
    "updateBy": null,
    "delFlag": 0,
    "isParent": true,
    "parentId": "0",
    "parentTitle": "一级系统",
    "sortOrder": 0,
    "status": 0,
    "title": "诸葛IO",
    "_id": "5d230467396b0b5c7b6d2616",
    "id": "c74ea000-a15d-11e9-a12d-e3971d38aae3",
    "createdAt": "2019-07-08T08:52:55.938Z",
    "updatedAt": "2019-07-08T08:53:06.775Z"
  },
  {
    "mainHeader": [],
    "viceHeader": [],
    "createBy": null,
    "updateBy": null,
    "delFlag": 0,
    "isParent": false,
    "parentId": "c74ea000-a15d-11e9-a12d-e3971d38aae3",
    "parentTitle": "诸葛IO",
    "sortOrder": 0,
    "status": 0,
    "title": "诸葛IO",
    "_id": "5d230472396b0b5c7b6d2617",
    "id": "cdc39c10-a15d-11e9-a12d-e3971d38aae3",
    "createdAt": "2019-07-08T08:53:06.773Z",
    "updatedAt": "2019-07-08T08:53:06.773Z"
  },
  {
    "mainHeader": [],
    "viceHeader": [],
    "createBy": "",
    "updateBy": "",
    "delFlag": 0,
    "isParent": false,
    "parentId": "656f5e40-6fd7-11e9-b5f5-d15fdff1a166",
    "parentTitle": "通用系统",
    "sortOrder": 0,
    "status": 0,
    "title": "微信帮助中心",
    "_id": "5d2e94b5396b0b5c7b6d276c",
    "id": "41da3c40-a842-11e9-a12d-e3971d38aae3",
    "createdAt": "2019-07-17T03:23:33.770Z",
    "updatedAt": "2019-07-17T03:23:33.770Z"
  },
  {
    "mainHeader": [],
    "viceHeader": [],
    "createBy": null,
    "updateBy": null,
    "delFlag": 0,
    "isParent": false,
    "parentId": "7b460930-6fd7-11e9-b5f5-d15fdff1a166",
    "parentTitle": "内部办公",
    "sortOrder": 0,
    "status": 0,
    "title": " 前后台协作文档系统",
    "_id": "5d2e96a0396b0b5c7b6d276e",
    "id": "66694140-a843-11e9-a12d-e3971d38aae3",
    "createdAt": "2019-07-17T03:31:44.600Z",
    "updatedAt": "2019-07-17T03:31:44.600Z"
  },
  {
    "mainHeader": [],
    "viceHeader": [],
    "createBy": null,
    "updateBy": null,
    "delFlag": 0,
    "isParent": false,
    "parentId": "e93f5210-752d-11e9-8d1e-9bdf1f8ffe38",
    "parentTitle": "部门事务",
    "sortOrder": 0,
    "status": 0,
    "title": "党团活动",
    "_id": "5d316b3c396b0b5c7b6d27a4",
    "id": "4d1acd60-a9f3-11e9-a12d-e3971d38aae3",
    "createdAt": "2019-07-19T07:03:24.730Z",
    "updatedAt": "2019-07-19T07:03:24.730Z"
  },
  {
    "mainHeader": [],
    "viceHeader": [],
    "createBy": null,
    "updateBy": null,
    "delFlag": 0,
    "isParent": false,
    "parentId": "656f5e40-6fd7-11e9-b5f5-d15fdff1a166",
    "parentTitle": "通用系统",
    "sortOrder": 0,
    "status": 0,
    "title": "用户消息中心",
    "_id": "5d53b8c458bf781b0100ab9e",
    "id": "802232d0-be65-11e9-8553-4fc07ea7e78a",
    "createdAt": "2019-08-14T07:31:16.236Z",
    "updatedAt": "2019-08-14T07:31:16.236Z"
  },
  {
    "mainHeader": [],
    "viceHeader": [],
    "createBy": null,
    "updateBy": null,
    "delFlag": 0,
    "isParent": false,
    "parentId": "c28065e0-7b9c-11e9-9b4a-c7dfbbe537c4",
    "parentTitle": "前端综合",
    "sortOrder": 0,
    "status": 0,
    "title": "用户行为分析",
    "_id": "5da6e07458bf781b0100afab",
    "id": "f37d1e40-eff5-11e9-8553-4fc07ea7e78a",
    "createdAt": "2019-10-16T09:18:44.271Z",
    "updatedAt": "2019-10-16T09:18:44.271Z"
  },
  {
    "mainHeader": [],
    "viceHeader": [],
    "createBy": null,
    "updateBy": null,
    "delFlag": 0,
    "isParent": false,
    "parentId": "e93f5210-752d-11e9-8d1e-9bdf1f8ffe38",
    "parentTitle": "部门事务",
    "sortOrder": 0,
    "status": 0,
    "title": "培训会议",
    "_id": "5db1018b58bf781b0100b01d",
    "id": "8df6ad10-f5ff-11e9-8553-4fc07ea7e78a",
    "createdAt": "2019-10-24T01:42:35.879Z",
    "updatedAt": "2019-10-24T01:42:35.879Z"
  },
  {
    "mainHeader": [],
    "viceHeader": [],
    "createBy": null,
    "updateBy": null,
    "delFlag": 0,
    "isParent": false,
    "parentId": "3ae18220-6fd7-11e9-b5f5-d15fdff1a166",
    "parentTitle": "学信网",
    "sortOrder": 0,
    "status": 0,
    "title": "消息中心",
    "_id": "5dca691158bf781b0100b160",
    "id": "f490dc70-0523-11ea-8553-4fc07ea7e78a",
    "createdAt": "2019-11-12T08:10:57.342Z",
    "updatedAt": "2019-11-12T08:10:57.342Z"
  }
]