[
  {
    "defaultRole": "",
    "delFlag": 0,
    "departmentId": "",
    "departmentTitle": "",
    "description": "",
    "passStrength": "弱",
    "type": 1,
    "userName": "admin",
    "avatar": "http://img.exrick.cn/ac52e823491a4899af0fe114dbd21607.jpg",
    "nickName": "管理员",
    "email": "",
    "systems": [],
    "status": 0,
    "userId": "b02fd560-7020-11e9-aa87-37732e5007de",
    "createdAt": "2019-05-06T17:02:10.874Z",
    "updatedAt": "2019-05-06T17:02:10.874Z"
  },
  {
    "defaultRole": "",
    "delFlag": 0,
    "departmentId": "64b92e00-7021-11e9-aa87-37732e5007de",
    "departmentTitle": "设计部",
    "description": "",
    "passStrength": "弱",
    "type": 0,
    "userName": "wangly",
    "avatar": "http://img.exrick.cn/ac52e823491a4899af0fe114dbd21607.jpg",
    "nickName": "王利英",
    "email": "wangly@chsi.com.cn",
    "systems": [
      "3ae18220-6fd7-11e9-b5f5-d15fdff1a166",
      "9c1ed970-6fd7-11e9-b5f5-d15fdff1a166",
      "a86628f0-6fd7-11e9-b5f5-d15fdff1a166",
      "b083cbf0-6fd7-11e9-b5f5-d15fdff1a166",
      "b4270a60-6fd7-11e9-b5f5-d15fdff1a166",
      "b7aab2e0-6fd7-11e9-b5f5-d15fdff1a166",
      "baec4950-6fd7-11e9-b5f5-d15fdff1a166",
      "c93953e0-6fd7-11e9-b5f5-d15fdff1a166",
      "ce2b8080-6fd7-11e9-b5f5-d15fdff1a166",
      "f1fa8650-6fd7-11e9-b5f5-d15fdff1a166",
      "23aa8e70-6fd8-11e9-b5f5-d15fdff1a166",
      "35849050-6fd8-11e9-b5f5-d15fdff1a166",
      "3a095520-6fd8-11e9-b5f5-d15fdff1a166",
      "3ef4cb00-6fd8-11e9-b5f5-d15fdff1a166",
      "46f6f6c0-6fd8-11e9-b5f5-d15fdff1a166",
      "4fe02720-6fd8-11e9-b5f5-d15fdff1a166",
      "56cf5c40-6fd8-11e9-b5f5-d15fdff1a166",
      "75540350-6fd8-11e9-b5f5-d15fdff1a166",
      "85262740-6fd8-11e9-b5f5-d15fdff1a166",
      "88ad0410-6fd8-11e9-b5f5-d15fdff1a166",
      "d4811840-6fd8-11e9-b5f5-d15fdff1a166",
      "e2e63eb0-6fd8-11e9-b5f5-d15fdff1a166",
      "f4c9dd80-6fd8-11e9-b5f5-d15fdff1a166",
      "8baaa920-6fd7-11e9-b5f5-d15fdff1a166",
      "1b5a4d40-6fd9-11e9-b5f5-d15fdff1a166",
      "d0189cb0-7307-11e9-8d1e-9bdf1f8ffe38",
      "d7173b20-7307-11e9-8d1e-9bdf1f8ffe38",
      "c28065e0-7b9c-11e9-9b4a-c7dfbbe537c4",
      "c82f04b0-7b9c-11e9-9b4a-c7dfbbe537c4"
    ],
    "status": 0,
    "userId": "30008450-7022-11e9-aa87-37732e5007de",
    "createdAt": "2019-05-06T17:12:54.807Z",
    "updatedAt": "2019-05-06T17:12:54.807Z"
  },
  {
    "defaultRole": "",
    "delFlag": 0,
    "departmentId": "64b92e00-7021-11e9-aa87-37732e5007de",
    "departmentTitle": "设计部",
    "description": "",
    "passStrength": "弱",
    "type": 0,
    "userName": "yinxl",
    "avatar": "http://img.exrick.cn/ac52e823491a4899af0fe114dbd21607.jpg",
    "nickName": "尹晓龙",
    "email": "yinxl@chsi.com.cn",
    "systems": [
      "d38373d0-6fd7-11e9-b5f5-d15fdff1a166",
      "d6934be0-6fd7-11e9-b5f5-d15fdff1a166",
      "d9ed2540-6fd7-11e9-b5f5-d15fdff1a166",
      "dd328c40-6fd7-11e9-b5f5-d15fdff1a166",
      "e73ae840-6fd7-11e9-b5f5-d15fdff1a166",
      "eb468570-6fd7-11e9-b5f5-d15fdff1a166",
      "fe5cd7e0-6fd7-11e9-b5f5-d15fdff1a166",
      "013f5e60-6fd8-11e9-b5f5-d15fdff1a166",
      "145e3c50-6fd8-11e9-b5f5-d15fdff1a166",
      "26aafd30-6fd8-11e9-b5f5-d15fdff1a166",
      "2b6ec6d0-6fd8-11e9-b5f5-d15fdff1a166",
      "5a04bdb0-6fd8-11e9-b5f5-d15fdff1a166",
      "66c64640-6fd8-11e9-b5f5-d15fdff1a166",
      "691ef8c0-6fd7-11e9-b5f5-d15fdff1a166",
      "6af0b610-6fd8-11e9-b5f5-d15fdff1a166",
      "da73c4f0-6fd8-11e9-b5f5-d15fdff1a166",
      "e7a3c6c0-6fd8-11e9-b5f5-d15fdff1a166",
      "83a3e220-6fda-11e9-b5f5-d15fdff1a166",
      "fefea0b0-6fd8-11e9-b5f5-d15fdff1a166",
      "8baaa920-6fd7-11e9-b5f5-d15fdff1a166",
      "1b5a4d40-6fd9-11e9-b5f5-d15fdff1a166",
      "d0189cb0-7307-11e9-8d1e-9bdf1f8ffe38",
      "d7173b20-7307-11e9-8d1e-9bdf1f8ffe38",
      "c82f04b0-7b9c-11e9-9b4a-c7dfbbe537c4",
      "c74ea000-a15d-11e9-a12d-e3971d38aae3",
      "cdc39c10-a15d-11e9-a12d-e3971d38aae3"
    ],
    "status": 0,
    "userId": "7861a6f0-7024-11e9-85e6-9f1338560125",
    "createdAt": "2019-05-06T17:29:15.250Z",
    "updatedAt": "2019-05-06T17:29:15.250Z"
  },
  {
    "defaultRole": "",
    "delFlag": 0,
    "departmentId": "64b92e00-7021-11e9-aa87-37732e5007de",
    "departmentTitle": "设计部",
    "description": "",
    "passStrength": "中",
    "type": 0,
    "userName": "hanwm",
    "avatar": "http://img.exrick.cn/ac52e823491a4899af0fe114dbd21607.jpg",
    "nickName": "韩文明",
    "email": "hanwm@chsi.com.cn",
    "systems": [
      "8f2d4ac0-6fd8-11e9-b5f5-d15fdff1a166",
      "924e12c0-6fd8-11e9-b5f5-d15fdff1a166",
      "95eb84d0-6fd8-11e9-b5f5-d15fdff1a166",
      "9920bf30-6fd8-11e9-b5f5-d15fdff1a166",
      "9c22dba0-6fd8-11e9-b5f5-d15fdff1a166",
      "9ff98620-6fd8-11e9-b5f5-d15fdff1a166",
      "a2e50d50-6fd8-11e9-b5f5-d15fdff1a166",
      "a70a9b20-6fd8-11e9-b5f5-d15fdff1a166",
      "aa971d40-6fd8-11e9-b5f5-d15fdff1a166",
      "ae5e3760-6fd8-11e9-b5f5-d15fdff1a166",
      "b19100c0-6fd8-11e9-b5f5-d15fdff1a166",
      "b4ec60c0-6fd8-11e9-b5f5-d15fdff1a166",
      "b7e4b930-6fd8-11e9-b5f5-d15fdff1a166",
      "bb4dd4d0-6fd8-11e9-b5f5-d15fdff1a166",
      "230a3370-933d-11e9-9cd0-6fb8f3d26b41",
      "d0189cb0-7307-11e9-8d1e-9bdf1f8ffe38",
      "d7173b20-7307-11e9-8d1e-9bdf1f8ffe38",
      "c28065e0-7b9c-11e9-9b4a-c7dfbbe537c4",
      "c82f04b0-7b9c-11e9-9b4a-c7dfbbe537c4"
    ],
    "status": 0,
    "userId": "29d178a0-7027-11e9-ad81-f73c1f26c362",
    "createdAt": "2019-05-06T17:48:31.934Z",
    "updatedAt": "2019-05-06T17:48:31.934Z"
  },
  {
    "defaultRole": "",
    "delFlag": 0,
    "departmentId": "64b92e00-7021-11e9-aa87-37732e5007de",
    "departmentTitle": "设计部",
    "description": "",
    "passStrength": "中",
    "type": 0,
    "userName": "jiaxd",
    "avatar": "http://img.exrick.cn/ac52e823491a4899af0fe114dbd21607.jpg",
    "nickName": "贾晓东",
    "email": "501337816@qq.com",
    "systems": [
      "a86628f0-6fd7-11e9-b5f5-d15fdff1a166",
      "b4270a60-6fd7-11e9-b5f5-d15fdff1a166",
      "b7aab2e0-6fd7-11e9-b5f5-d15fdff1a166",
      "baec4950-6fd7-11e9-b5f5-d15fdff1a166",
      "c1e73e40-6fd7-11e9-b5f5-d15fdff1a166",
      "c5453650-6fd7-11e9-b5f5-d15fdff1a166",
      "c93953e0-6fd7-11e9-b5f5-d15fdff1a166",
      "fe5cd7e0-6fd7-11e9-b5f5-d15fdff1a166",
      "4c75c870-6fd7-11e9-b5f5-d15fdff1a166",
      "19a4a370-6fd8-11e9-b5f5-d15fdff1a166",
      "35849050-6fd8-11e9-b5f5-d15fdff1a166",
      "46f6f6c0-6fd8-11e9-b5f5-d15fdff1a166",
      "4a1044b0-6fd8-11e9-b5f5-d15fdff1a166",
      "52de9a10-6fd8-11e9-b5f5-d15fdff1a166",
      "85262740-6fd8-11e9-b5f5-d15fdff1a166",
      "d4811840-6fd8-11e9-b5f5-d15fdff1a166",
      "da73c4f0-6fd8-11e9-b5f5-d15fdff1a166",
      "ee348830-6fd8-11e9-b5f5-d15fdff1a166",
      "fa89e170-6fd8-11e9-b5f5-d15fdff1a166",
      "d0189cb0-7307-11e9-8d1e-9bdf1f8ffe38",
      "d7173b20-7307-11e9-8d1e-9bdf1f8ffe38",
      "c82f04b0-7b9c-11e9-9b4a-c7dfbbe537c4"
    ],
    "status": 0,
    "userId": "2cc25700-7027-11e9-ad81-f73c1f26c362",
    "createdAt": "2019-05-06T17:48:36.850Z",
    "updatedAt": "2019-05-06T17:48:36.850Z"
  },
  {
    "defaultRole": "",
    "delFlag": 0,
    "departmentId": "64b92e00-7021-11e9-aa87-37732e5007de",
    "departmentTitle": "设计部",
    "description": "",
    "passStrength": "中",
    "type": 0,
    "userName": "sunl",
    "avatar": "http://img.exrick.cn/ac52e823491a4899af0fe114dbd21607.jpg",
    "nickName": "孙玲",
    "email": "sunl@chsi.com.cn",
    "systems": [
      "9c1ed970-6fd7-11e9-b5f5-d15fdff1a166",
      "a86628f0-6fd7-11e9-b5f5-d15fdff1a166",
      "b083cbf0-6fd7-11e9-b5f5-d15fdff1a166",
      "b4270a60-6fd7-11e9-b5f5-d15fdff1a166",
      "d38373d0-6fd7-11e9-b5f5-d15fdff1a166",
      "4c75c870-6fd7-11e9-b5f5-d15fdff1a166",
      "19a4a370-6fd8-11e9-b5f5-d15fdff1a166",
      "23aa8e70-6fd8-11e9-b5f5-d15fdff1a166",
      "26aafd30-6fd8-11e9-b5f5-d15fdff1a166",
      "35849050-6fd8-11e9-b5f5-d15fdff1a166",
      "85262740-6fd8-11e9-b5f5-d15fdff1a166",
      "88ad0410-6fd8-11e9-b5f5-d15fdff1a166",
      "8c44f7e0-6fd8-11e9-b5f5-d15fdff1a166",
      "8f2d4ac0-6fd8-11e9-b5f5-d15fdff1a166",
      "924e12c0-6fd8-11e9-b5f5-d15fdff1a166",
      "95eb84d0-6fd8-11e9-b5f5-d15fdff1a166",
      "9920bf30-6fd8-11e9-b5f5-d15fdff1a166",
      "9c22dba0-6fd8-11e9-b5f5-d15fdff1a166",
      "9ff98620-6fd8-11e9-b5f5-d15fdff1a166",
      "a2e50d50-6fd8-11e9-b5f5-d15fdff1a166",
      "a70a9b20-6fd8-11e9-b5f5-d15fdff1a166",
      "aa971d40-6fd8-11e9-b5f5-d15fdff1a166",
      "ae5e3760-6fd8-11e9-b5f5-d15fdff1a166",
      "b19100c0-6fd8-11e9-b5f5-d15fdff1a166",
      "b4ec60c0-6fd8-11e9-b5f5-d15fdff1a166",
      "b7e4b930-6fd8-11e9-b5f5-d15fdff1a166",
      "bb4dd4d0-6fd8-11e9-b5f5-d15fdff1a166",
      "be146ee0-6fd8-11e9-b5f5-d15fdff1a166",
      "c0e409a0-6fd8-11e9-b5f5-d15fdff1a166",
      "c3dc13f0-6fd8-11e9-b5f5-d15fdff1a166",
      "c6f9a7a0-6fd8-11e9-b5f5-d15fdff1a166",
      "ca31a120-6fd8-11e9-b5f5-d15fdff1a166",
      "ce09d240-6fd8-11e9-b5f5-d15fdff1a166",
      "d14e00c0-6fd8-11e9-b5f5-d15fdff1a166",
      "d4811840-6fd8-11e9-b5f5-d15fdff1a166",
      "e2e63eb0-6fd8-11e9-b5f5-d15fdff1a166",
      "e7a3c6c0-6fd8-11e9-b5f5-d15fdff1a166",
      "02e247a0-7307-11e9-8d1e-9bdf1f8ffe38"
    ],
    "status": 0,
    "userId": "369b65a0-7027-11e9-ad81-f73c1f26c362",
    "createdAt": "2019-05-06T17:48:53.372Z",
    "updatedAt": "2019-05-06T17:48:53.372Z"
  },
  {
    "defaultRole": "",
    "delFlag": 0,
    "departmentId": "64b92e00-7021-11e9-aa87-37732e5007de",
    "departmentTitle": "设计部",
    "description": "",
    "passStrength": "中",
    "type": 0,
    "userName": "mayx",
    "avatar": "http://img.exrick.cn/ac52e823491a4899af0fe114dbd21607.jpg",
    "nickName": "马艳雄",
    "email": "mayx@chsi.com.cn",
    "systems": [
      "9c1ed970-6fd7-11e9-b5f5-d15fdff1a166",
      "f490dc70-0523-11ea-8553-4fc07ea7e78a",
      "e0897f70-6fd7-11e9-b5f5-d15fdff1a166",
      "e73ae840-6fd7-11e9-b5f5-d15fdff1a166",
      "f1fa8650-6fd7-11e9-b5f5-d15fdff1a166",
      "4759f3c0-6fd7-11e9-b5f5-d15fdff1a166",
      "faf988a0-6fd7-11e9-b5f5-d15fdff1a166",
      "fe5cd7e0-6fd7-11e9-b5f5-d15fdff1a166",
      "013f5e60-6fd8-11e9-b5f5-d15fdff1a166",
      "046137d0-6fd8-11e9-b5f5-d15fdff1a166",
      "07944f50-6fd8-11e9-b5f5-d15fdff1a166",
      "0b2cdf60-6fd8-11e9-b5f5-d15fdff1a166",
      "0e1c8540-6fd8-11e9-b5f5-d15fdff1a166",
      "11493420-6fd8-11e9-b5f5-d15fdff1a166",
      "145e3c50-6fd8-11e9-b5f5-d15fdff1a166",
      "4c75c870-6fd7-11e9-b5f5-d15fdff1a166",
      "19a4a370-6fd8-11e9-b5f5-d15fdff1a166",
      "4cec89a0-6fd8-11e9-b5f5-d15fdff1a166",
      "5dba99c0-6fd8-11e9-b5f5-d15fdff1a166",
      "691ef8c0-6fd7-11e9-b5f5-d15fdff1a166",
      "6af0b610-6fd8-11e9-b5f5-d15fdff1a166",
      "6f3a46a0-6fd8-11e9-b5f5-d15fdff1a166",
      "75540350-6fd8-11e9-b5f5-d15fdff1a166",
      "78ae03c0-6fd8-11e9-b5f5-d15fdff1a166",
      "7c230640-6fd8-11e9-b5f5-d15fdff1a166",
      "bc877a10-762a-11e9-9b4a-c7dfbbe537c4",
      "8c44f7e0-6fd8-11e9-b5f5-d15fdff1a166",
      "d14e00c0-6fd8-11e9-b5f5-d15fdff1a166",
      "d4811840-6fd8-11e9-b5f5-d15fdff1a166",
      "61e329c0-8bf0-11e9-a7a6-b94c769f6509",
      "02261f70-6fd9-11e9-b5f5-d15fdff1a166",
      "083d4410-6fd9-11e9-b5f5-d15fdff1a166",
      "0ce659c0-6fd9-11e9-b5f5-d15fdff1a166",
      "0ff87bc0-6fd9-11e9-b5f5-d15fdff1a166",
      "8baaa920-6fd7-11e9-b5f5-d15fdff1a166",
      "1b5a4d40-6fd9-11e9-b5f5-d15fdff1a166",
      "d0189cb0-7307-11e9-8d1e-9bdf1f8ffe38",
      "d7173b20-7307-11e9-8d1e-9bdf1f8ffe38",
      "c82f04b0-7b9c-11e9-9b4a-c7dfbbe537c4",
      "c74ea000-a15d-11e9-a12d-e3971d38aae3",
      "cdc39c10-a15d-11e9-a12d-e3971d38aae3"
    ],
    "status": 0,
    "userId": "493caf20-7027-11e9-ad81-f73c1f26c362",
    "createdAt": "2019-05-06T17:49:24.628Z",
    "updatedAt": "2019-05-06T17:49:24.628Z"
  },
  {
    "defaultRole": "",
    "delFlag": 0,
    "departmentId": "64b92e00-7021-11e9-aa87-37732e5007de",
    "departmentTitle": "设计部",
    "description": "",
    "passStrength": "弱",
    "type": 0,
    "userName": "weij",
    "avatar": "http://img.exrick.cn/ac52e823491a4899af0fe114dbd21607.jpg",
    "nickName": "卫杰",
    "email": "",
    "systems": [
      "d38373d0-6fd7-11e9-b5f5-d15fdff1a166",
      "d6934be0-6fd7-11e9-b5f5-d15fdff1a166",
      "d9ed2540-6fd7-11e9-b5f5-d15fdff1a166",
      "e0897f70-6fd7-11e9-b5f5-d15fdff1a166",
      "e375f100-6fd7-11e9-b5f5-d15fdff1a166",
      "eb468570-6fd7-11e9-b5f5-d15fdff1a166",
      "eea519c0-6fd7-11e9-b5f5-d15fdff1a166",
      "faf988a0-6fd7-11e9-b5f5-d15fdff1a166",
      "fe5cd7e0-6fd7-11e9-b5f5-d15fdff1a166",
      "013f5e60-6fd8-11e9-b5f5-d15fdff1a166",
      "046137d0-6fd8-11e9-b5f5-d15fdff1a166",
      "07944f50-6fd8-11e9-b5f5-d15fdff1a166",
      "0b2cdf60-6fd8-11e9-b5f5-d15fdff1a166",
      "145e3c50-6fd8-11e9-b5f5-d15fdff1a166",
      "26aafd30-6fd8-11e9-b5f5-d15fdff1a166",
      "2b6ec6d0-6fd8-11e9-b5f5-d15fdff1a166",
      "35849050-6fd8-11e9-b5f5-d15fdff1a166",
      "4d25a2f0-7526-11e9-8d1e-9bdf1f8ffe38",
      "4cec89a0-6fd8-11e9-b5f5-d15fdff1a166",
      "5a04bdb0-6fd8-11e9-b5f5-d15fdff1a166",
      "802232d0-be65-11e9-8553-4fc07ea7e78a",
      "691ef8c0-6fd7-11e9-b5f5-d15fdff1a166",
      "6af0b610-6fd8-11e9-b5f5-d15fdff1a166",
      "78ae03c0-6fd8-11e9-b5f5-d15fdff1a166",
      "7c230640-6fd8-11e9-b5f5-d15fdff1a166",
      "8f2d4ac0-6fd8-11e9-b5f5-d15fdff1a166",
      "230a3370-933d-11e9-9cd0-6fb8f3d26b41",
      "dd4c1240-6fd8-11e9-b5f5-d15fdff1a166",
      "e0034300-6fd8-11e9-b5f5-d15fdff1a166",
      "28921d50-7626-11e9-9b4a-c7dfbbe537c4",
      "66694140-a843-11e9-a12d-e3971d38aae3",
      "0ce659c0-6fd9-11e9-b5f5-d15fdff1a166",
      "131e25c0-6fd9-11e9-b5f5-d15fdff1a166",
      "d0189cb0-7307-11e9-8d1e-9bdf1f8ffe38",
      "d7173b20-7307-11e9-8d1e-9bdf1f8ffe38",
      "efa58110-752d-11e9-8d1e-9bdf1f8ffe38",
      "c28065e0-7b9c-11e9-9b4a-c7dfbbe537c4",
      "c82f04b0-7b9c-11e9-9b4a-c7dfbbe537c4",
      "ae2c1370-8c2a-11e9-9707-4b87eca1469f",
      "ce4f7660-8c2a-11e9-9707-4b87eca1469f",
      "c74ea000-a15d-11e9-a12d-e3971d38aae3",
      "cdc39c10-a15d-11e9-a12d-e3971d38aae3"
    ],
    "status": 0,
    "userId": "5ae14920-7027-11e9-ad81-f73c1f26c362",
    "createdAt": "2019-05-06T17:49:54.227Z",
    "updatedAt": "2019-05-06T17:49:54.227Z"
  },
  {
    "defaultRole": "",
    "delFlag": 0,
    "departmentId": "64b92e00-7021-11e9-aa87-37732e5007de",
    "departmentTitle": "设计部",
    "description": "",
    "passStrength": "中",
    "type": 0,
    "userName": "guoxq",
    "avatar": "http://img.exrick.cn/ac52e823491a4899af0fe114dbd21607.jpg",
    "nickName": "郭晓琼",
    "email": "guoxq@chsi.com.cn",
    "systems": [
      "c93953e0-6fd7-11e9-b5f5-d15fdff1a166",
      "4d25a2f0-7526-11e9-8d1e-9bdf1f8ffe38",
      "8f2d4ac0-6fd8-11e9-b5f5-d15fdff1a166",
      "924e12c0-6fd8-11e9-b5f5-d15fdff1a166",
      "95eb84d0-6fd8-11e9-b5f5-d15fdff1a166",
      "9920bf30-6fd8-11e9-b5f5-d15fdff1a166",
      "9ff98620-6fd8-11e9-b5f5-d15fdff1a166",
      "a2e50d50-6fd8-11e9-b5f5-d15fdff1a166",
      "aa971d40-6fd8-11e9-b5f5-d15fdff1a166",
      "ae5e3760-6fd8-11e9-b5f5-d15fdff1a166",
      "b19100c0-6fd8-11e9-b5f5-d15fdff1a166",
      "bb4dd4d0-6fd8-11e9-b5f5-d15fdff1a166",
      "be146ee0-6fd8-11e9-b5f5-d15fdff1a166",
      "d0189cb0-7307-11e9-8d1e-9bdf1f8ffe38",
      "d7173b20-7307-11e9-8d1e-9bdf1f8ffe38",
      "c28065e0-7b9c-11e9-9b4a-c7dfbbe537c4",
      "c82f04b0-7b9c-11e9-9b4a-c7dfbbe537c4"
    ],
    "status": 0,
    "userId": "e96d7150-7027-11e9-ad81-f73c1f26c362",
    "createdAt": "2019-05-06T17:53:53.383Z",
    "updatedAt": "2019-05-06T17:53:53.383Z"
  },
  {
    "defaultRole": "",
    "delFlag": 0,
    "departmentId": "64b92e00-7021-11e9-aa87-37732e5007de",
    "departmentTitle": "设计部",
    "description": "",
    "passStrength": "中",
    "type": 0,
    "userName": "cuiyh",
    "avatar": "http://img.exrick.cn/ac52e823491a4899af0fe114dbd21607.jpg",
    "nickName": "崔永辉",
    "email": "cuiyh@chsi.com.cn",
    "systems": [
      "9c1ed970-6fd7-11e9-b5f5-d15fdff1a166",
      "a86628f0-6fd7-11e9-b5f5-d15fdff1a166",
      "b4270a60-6fd7-11e9-b5f5-d15fdff1a166",
      "b7aab2e0-6fd7-11e9-b5f5-d15fdff1a166",
      "baec4950-6fd7-11e9-b5f5-d15fdff1a166",
      "c93953e0-6fd7-11e9-b5f5-d15fdff1a166",
      "ce2b8080-6fd7-11e9-b5f5-d15fdff1a166",
      "d38373d0-6fd7-11e9-b5f5-d15fdff1a166",
      "d6934be0-6fd7-11e9-b5f5-d15fdff1a166",
      "e0897f70-6fd7-11e9-b5f5-d15fdff1a166",
      "e73ae840-6fd7-11e9-b5f5-d15fdff1a166",
      "f1fa8650-6fd7-11e9-b5f5-d15fdff1a166",
      "faf988a0-6fd7-11e9-b5f5-d15fdff1a166",
      "fe5cd7e0-6fd7-11e9-b5f5-d15fdff1a166",
      "013f5e60-6fd8-11e9-b5f5-d15fdff1a166",
      "145e3c50-6fd8-11e9-b5f5-d15fdff1a166",
      "4c75c870-6fd7-11e9-b5f5-d15fdff1a166",
      "19a4a370-6fd8-11e9-b5f5-d15fdff1a166",
      "26aafd30-6fd8-11e9-b5f5-d15fdff1a166",
      "35849050-6fd8-11e9-b5f5-d15fdff1a166",
      "3a095520-6fd8-11e9-b5f5-d15fdff1a166",
      "3ef4cb00-6fd8-11e9-b5f5-d15fdff1a166",
      "46f6f6c0-6fd8-11e9-b5f5-d15fdff1a166",
      "4a1044b0-6fd8-11e9-b5f5-d15fdff1a166",
      "4fe02720-6fd8-11e9-b5f5-d15fdff1a166",
      "56cf5c40-6fd8-11e9-b5f5-d15fdff1a166",
      "5dba99c0-6fd8-11e9-b5f5-d15fdff1a166",
      "691ef8c0-6fd7-11e9-b5f5-d15fdff1a166",
      "6af0b610-6fd8-11e9-b5f5-d15fdff1a166",
      "6f3a46a0-6fd8-11e9-b5f5-d15fdff1a166",
      "75540350-6fd8-11e9-b5f5-d15fdff1a166",
      "88ad0410-6fd8-11e9-b5f5-d15fdff1a166",
      "8f2d4ac0-6fd8-11e9-b5f5-d15fdff1a166",
      "d4811840-6fd8-11e9-b5f5-d15fdff1a166",
      "da73c4f0-6fd8-11e9-b5f5-d15fdff1a166",
      "02e247a0-7307-11e9-8d1e-9bdf1f8ffe38",
      "8baaa920-6fd7-11e9-b5f5-d15fdff1a166",
      "1b5a4d40-6fd9-11e9-b5f5-d15fdff1a166",
      "d0189cb0-7307-11e9-8d1e-9bdf1f8ffe38",
      "d7173b20-7307-11e9-8d1e-9bdf1f8ffe38"
    ],
    "status": 0,
    "userId": "4c8d3d40-7075-11e9-ad81-f73c1f26c362",
    "createdAt": "2019-05-07T03:07:50.934Z",
    "updatedAt": "2019-05-07T03:07:50.934Z"
  },
  {
    "defaultRole": "",
    "delFlag": 0,
    "departmentId": "64b92e00-7021-11e9-aa87-37732e5007de",
    "departmentTitle": "设计部",
    "description": "",
    "passStrength": "弱",
    "type": 1,
    "userName": "lvf",
    "avatar": "http://img.exrick.cn/ac52e823491a4899af0fe114dbd21607.jpg",
    "nickName": "吕峰",
    "email": "",
    "systems": [],
    "status": 0,
    "userId": "e4377bf0-708a-11e9-8d1e-9bdf1f8ffe38",
    "createdAt": "2019-05-07T05:42:24.840Z",
    "updatedAt": "2019-05-07T05:42:24.840Z"
  },
  {
    "defaultRole": "",
    "delFlag": 0,
    "departmentId": "64b92e00-7021-11e9-aa87-37732e5007de",
    "departmentTitle": "设计部",
    "description": "",
    "passStrength": "弱",
    "type": 1,
    "userName": "lugp",
    "avatar": "http://img.exrick.cn/ac52e823491a4899af0fe114dbd21607.jpg",
    "nickName": "路国平",
    "email": "lugp@chsi.com.cn",
    "systems": [
      "9c1ed970-6fd7-11e9-b5f5-d15fdff1a166",
      "a86628f0-6fd7-11e9-b5f5-d15fdff1a166",
      "b4270a60-6fd7-11e9-b5f5-d15fdff1a166",
      "b7aab2e0-6fd7-11e9-b5f5-d15fdff1a166",
      "baec4950-6fd7-11e9-b5f5-d15fdff1a166",
      "f490dc70-0523-11ea-8553-4fc07ea7e78a",
      "c1e73e40-6fd7-11e9-b5f5-d15fdff1a166",
      "c93953e0-6fd7-11e9-b5f5-d15fdff1a166",
      "ce2b8080-6fd7-11e9-b5f5-d15fdff1a166",
      "d38373d0-6fd7-11e9-b5f5-d15fdff1a166",
      "faf988a0-6fd7-11e9-b5f5-d15fdff1a166",
      "4c75c870-6fd7-11e9-b5f5-d15fdff1a166",
      "19a4a370-6fd8-11e9-b5f5-d15fdff1a166",
      "4d25a2f0-7526-11e9-8d1e-9bdf1f8ffe38",
      "46f6f6c0-6fd8-11e9-b5f5-d15fdff1a166",
      "4a1044b0-6fd8-11e9-b5f5-d15fdff1a166",
      "4fe02720-6fd8-11e9-b5f5-d15fdff1a166",
      "41da3c40-a842-11e9-a12d-e3971d38aae3",
      "691ef8c0-6fd7-11e9-b5f5-d15fdff1a166",
      "6af0b610-6fd8-11e9-b5f5-d15fdff1a166",
      "78ae03c0-6fd8-11e9-b5f5-d15fdff1a166",
      "bc877a10-762a-11e9-9b4a-c7dfbbe537c4",
      "85262740-6fd8-11e9-b5f5-d15fdff1a166",
      "88ad0410-6fd8-11e9-b5f5-d15fdff1a166",
      "8c44f7e0-6fd8-11e9-b5f5-d15fdff1a166",
      "8f2d4ac0-6fd8-11e9-b5f5-d15fdff1a166",
      "a2e50d50-6fd8-11e9-b5f5-d15fdff1a166",
      "bb4dd4d0-6fd8-11e9-b5f5-d15fdff1a166",
      "d14e00c0-6fd8-11e9-b5f5-d15fdff1a166",
      "da73c4f0-6fd8-11e9-b5f5-d15fdff1a166",
      "e2e63eb0-6fd8-11e9-b5f5-d15fdff1a166",
      "fa89e170-6fd8-11e9-b5f5-d15fdff1a166",
      "83296250-6fd7-11e9-b5f5-d15fdff1a166",
      "fefea0b0-6fd8-11e9-b5f5-d15fdff1a166",
      "02261f70-6fd9-11e9-b5f5-d15fdff1a166",
      "162216f0-6fd9-11e9-b5f5-d15fdff1a166",
      "02e247a0-7307-11e9-8d1e-9bdf1f8ffe38",
      "8baaa920-6fd7-11e9-b5f5-d15fdff1a166",
      "1b5a4d40-6fd9-11e9-b5f5-d15fdff1a166",
      "d0189cb0-7307-11e9-8d1e-9bdf1f8ffe38",
      "d7173b20-7307-11e9-8d1e-9bdf1f8ffe38",
      "e93f5210-752d-11e9-8d1e-9bdf1f8ffe38",
      "efa58110-752d-11e9-8d1e-9bdf1f8ffe38",
      "4d1acd60-a9f3-11e9-a12d-e3971d38aae3",
      "8df6ad10-f5ff-11e9-8553-4fc07ea7e78a",
      "c28065e0-7b9c-11e9-9b4a-c7dfbbe537c4",
      "c82f04b0-7b9c-11e9-9b4a-c7dfbbe537c4",
      "f37d1e40-eff5-11e9-8553-4fc07ea7e78a",
      "c74ea000-a15d-11e9-a12d-e3971d38aae3",
      "cdc39c10-a15d-11e9-a12d-e3971d38aae3"
    ],
    "status": 0,
    "userId": "83c66b90-753b-11e9-a849-49de48c02458",
    "createdAt": "2019-05-13T04:56:48.587Z",
    "updatedAt": "2019-05-13T04:56:48.587Z"
  }
]